,epoch,val_loss
0,0.0,0.09304819256067276
1,1.0,0.05264083296060562
2,2.0,0.043783463537693024
