rt,response,vdiff,participant_id
2.815,-1,-1.0,1
1.783,-1,-2.0,1
3.117,-1,0.0,1
2.834,1,1.0,1
3.35,1,-3.0,1
1.5,1,2.0,1
1.667,-1,-3.0,1
4.067,1,-1.0,1
3.867,-1,-1.0,1
1.684,-1,0.0,1
1.834,-1,-3.0,1
4.6,1,-2.0,1
1.834,-1,-3.0,1
2.234,1,1.0,1
1.533,-1,-2.0,1
1.9,-1,1.0,1
2.334,1,3.0,1
2.684,-1,-2.0,1
2.117,-1,-3.0,1
1.767,-1,-2.0,1
1.7,1,1.0,1
3.267,-1,-3.0,1
3.35,-1,0.0,1
2.85,1,0.0,1
2.167,1,3.0,1
1.933,-1,-1.0,1
3.301,-1,0.0,1
3.283,1,0.0,1
2.001,1,3.0,1
2.917,-1,-1.0,1
2.0,1,2.0,1
4.333,-1,2.0,1
2.933,-1,1.0,1
2.2,1,2.0,1
3.067,1,0.0,1
2.033,1,0.0,1
4.033,1,0.0,1
3.067,1,-3.0,1
2.784,-1,-2.0,1
3.617,-1,-3.0,1
1.483,-1,-1.0,1
2.401,-1,0.0,1
4.017,-1,0.0,1
2.134,1,-2.0,1
2.333,1,1.0,1
1.784,-1,0.0,1
5.217,1,-3.0,1
1.667,1,1.0,1
2.133,-1,0.0,1
3.334,-1,-1.0,1
2.234,-1,-2.0,1
1.967,1,1.0,1
1.467,1,2.0,1
2.05,1,3.0,1
2.5,1,1.0,1
2.416,1,1.0,1
1.95,1,0.0,1
2.217,-1,-3.0,1
4.367,1,0.0,1
1.584,-1,-3.0,1
3.434,-1,-1.0,1
1.667,-1,-1.0,1
4.366,1,2.0,1
1.783,-1,0.0,1
1.883,-1,-3.0,1
1.7,-1,0.0,1
2.45,-1,0.0,1
1.667,-1,-1.0,1
3.267,-1,1.0,1
3.184,-1,0.0,1
2.367,-1,-2.0,1
2.433,1,0.0,1
1.933,1,0.0,1
2.217,1,1.0,1
5.601,-1,-2.0,1
1.717,1,3.0,1
1.467,-1,-2.0,1
1.734,1,1.0,1
1.567,1,2.0,1
1.383,-1,-2.0,1
1.484,-1,-3.0,1
1.984,-1,-1.0,1
1.233,1,2.0,1
2.517,-1,0.0,1
3.25,-1,-2.0,1
2.3,-1,-1.0,1
1.967,1,3.0,1
1.867,-1,-1.0,1
4.4,-1,-2.0,1
1.15,1,3.0,1
1.75,1,1.0,1
3.234,1,3.0,1
4.267,1,2.0,1
1.417,-1,-3.0,1
1.917,1,2.0,1
2.633,-1,-3.0,1
3.767,-1,-1.0,1
3.133,-1,-1.0,1
2.867,-1,-3.0,1
3.217,1,2.0,1
2.034,-1,-2.0,1
4.35,-1,-3.0,1
3.551,1,2.0,1
1.7,-1,0.0,1
2.083,-1,-2.0,1
1.95,-1,-1.0,1
1.767,-1,-1.0,1
1.55,-1,-3.0,1
2.1,1,0.0,1
1.434,1,1.0,1
1.534,1,3.0,1
3.35,1,3.0,1
3.733,-1,0.0,1
2.284,1,0.0,1
3.25,1,0.0,1
3.083,1,2.0,1
3.417,-1,-1.0,1
1.45,-1,-3.0,1
1.967,1,0.0,1
1.751,-1,-2.0,1
4.017,-1,-1.0,1
2.117,1,-1.0,1
1.567,1,0.0,1
2.184,-1,-2.0,1
1.767,1,-1.0,1
2.7,1,0.0,1
1.434,1,3.0,1
1.133,1,-1.0,1
1.067,-1,-2.0,1
3.383,-1,1.0,1
2.016,-1,0.0,1
2.867,1,0.0,1
2.883,1,0.0,1
1.383,1,0.0,1
2.5,-1,-1.0,1
1.934,-1,-3.0,1
2.267,1,3.0,1
1.6,1,1.0,1
1.383,-1,0.0,1
4.7,-1,0.0,1
1.533,-1,-1.0,1
1.517,1,2.0,1
1.834,1,2.0,1
2.317,1,3.0,1
3.1,-1,-1.0,1
5.734,-1,-3.0,1
1.684,-1,3.0,1
4.183,-1,-2.0,1
1.45,1,0.0,1
1.533,1,2.0,1
2.334,1,1.0,1
1.267,1,3.0,1
2.283,1,3.0,1
1.8,1,-2.0,1
3.45,1,-1.0,1
2.3,1,-2.0,1
2.517,-1,-2.0,1
2.651,1,3.0,1
1.333,1,0.0,1
1.833,1,0.0,1
4.25,-1,-1.0,1
1.667,-1,-2.0,1
3.116,1,1.0,1
2.767,1,2.0,1
1.384,1,3.0,1
1.967,-1,-1.0,1
1.883,-1,-3.0,1
2.55,-1,-2.0,1
1.817,1,0.0,1
3.817,-1,-2.0,1
1.25,1,3.0,1
1.817,-1,-3.0,1
2.234,-1,-3.0,1
1.583,-1,0.0,1
1.333,1,2.0,1
1.616,-1,-1.0,1
3.134,1,-3.0,1
1.617,-1,0.0,1
1.4,1,2.0,1
2.617,-1,-1.0,1
1.251,-1,0.0,1
2.1,1,3.0,1
1.717,1,0.0,1
1.2,-1,3.0,1
2.983,-1,0.0,1
1.967,1,0.0,1
4.033,-1,-2.0,1
1.767,-1,0.0,1
2.717,1,-3.0,1
1.817,1,2.0,1
5.5,-1,-2.0,1
4.133,1,1.0,1
1.783,1,1.0,1
2.467,1,3.0,1
2.183,1,2.0,1
2.317,-1,-1.0,1
1.548,-1,-3.0,2
1.683,1,0.0,2
1.967,-1,-1.0,2
1.133,-1,-2.0,2
2.201,-1,0.0,2
2.017,1,2.0,2
2.501,1,0.0,2
3.167,-1,-2.0,2
2.484,1,0.0,2
1.767,-1,-1.0,2
2.2,1,0.0,2
1.284,-1,-3.0,2
1.051,-1,-3.0,2
2.283,-1,-2.0,2
1.35,-1,-1.0,2
2.2,-1,1.0,2
0.884,-1,2.0,2
1.267,-1,-3.0,2
1.866,-1,1.0,2
1.0,-1,-1.0,2
3.683,1,0.0,2
2.317,1,0.0,2
2.883,-1,-1.0,2
1.733,1,0.0,2
2.067,1,3.0,2
2.917,-1,-1.0,2
1.817,1,2.0,2
1.717,-1,-2.0,2
1.217,1,2.0,2
3.384,1,0.0,2
1.533,-1,-2.0,2
1.701,-1,-2.0,2
2.134,1,2.0,2
3.584,1,-1.0,2
2.984,1,2.0,2
1.867,-1,-2.0,2
2.634,1,1.0,2
2.4,-1,0.0,2
2.034,-1,-1.0,2
3.7,1,-1.0,2
2.501,1,1.0,2
1.367,1,3.0,2
2.217,1,0.0,2
2.117,1,-1.0,2
2.984,1,-1.0,2
1.417,1,3.0,2
1.383,1,3.0,2
1.583,1,1.0,2
2.983,-1,-1.0,2
1.884,1,3.0,2
1.517,1,3.0,2
2.667,-1,0.0,2
3.2,-1,-1.0,2
1.567,1,0.0,2
3.017,1,-2.0,2
2.034,-1,0.0,2
3.25,1,-3.0,2
2.25,1,1.0,2
2.533,1,3.0,2
2.584,-1,-2.0,2
2.651,-1,-1.0,2
2.001,-1,-3.0,2
2.05,-1,2.0,2
1.617,-1,-3.0,2
2.35,-1,0.0,2
1.867,1,-1.0,2
3.417,1,2.0,2
5.9,-1,-2.0,2
1.433,-1,-3.0,2
2.567,1,0.0,2
2.117,1,-2.0,2
1.95,1,2.0,2
3.251,-1,3.0,2
1.617,-1,3.0,2
2.95,-1,2.0,2
2.017,-1,-2.0,2
2.384,1,0.0,2
1.5,-1,2.0,2
2.584,1,0.0,2
2.85,-1,-2.0,2
1.75,-1,0.0,2
1.584,1,2.0,2
1.1,-1,-1.0,2
3.45,-1,0.0,2
1.083,-1,0.0,2
1.367,1,2.0,2
1.567,-1,0.0,2
1.3,-1,1.0,2
1.967,-1,-1.0,2
1.234,-1,3.0,2
0.884,-1,-3.0,2
3.784,1,-2.0,2
1.65,1,-1.0,2
1.3,-1,-3.0,2
0.683,1,3.0,2
1.2,-1,-2.0,2
1.35,1,3.0,2
2.0,1,2.0,2
2.35,-1,-1.0,2
1.317,1,1.0,2
1.167,-1,-2.0,2
1.401,-1,-1.0,2
1.3,1,3.0,2
5.467,1,0.0,2
1.633,1,3.0,2
1.317,-1,0.0,2
2.2,1,0.0,2
1.567,-1,0.0,2
2.816,1,1.0,2
1.95,1,3.0,2
1.15,-1,-3.0,2
2.95,1,1.0,2
1.5,-1,-2.0,2
1.75,1,1.0,2
1.717,1,0.0,2
2.05,1,2.0,2
1.517,1,1.0,2
1.284,1,-1.0,2
2.067,1,-2.0,2
1.083,1,3.0,2
1.25,1,-1.0,2
1.717,1,1.0,2
1.133,-1,-3.0,2
1.067,-1,2.0,2
1.784,1,-1.0,2
1.95,1,3.0,2
1.05,-1,0.0,2
0.884,1,-2.0,2
1.75,1,0.0,2
1.15,1,1.0,2
0.984,1,1.0,2
1.084,-1,2.0,2
3.201,1,0.0,2
2.15,1,0.0,2
2.634,1,1.0,2
1.384,1,3.0,2
0.85,-1,-3.0,2
1.751,1,-1.0,2
2.767,-1,0.0,2
2.284,1,1.0,2
1.534,-1,-2.0,2
1.2,1,3.0,2
1.683,1,0.0,2
1.55,1,3.0,2
1.8,-1,0.0,2
1.133,-1,0.0,2
1.267,-1,-1.0,2
1.85,1,0.0,2
1.117,-1,-3.0,2
1.4,1,0.0,2
2.234,-1,-1.0,2
1.65,1,1.0,2
1.416,-1,-2.0,2
1.967,-1,0.0,2
1.85,1,1.0,2
1.301,-1,-2.0,2
2.25,1,3.0,2
1.667,1,2.0,2
2.851,-1,0.0,2
1.7,1,3.0,2
1.883,-1,0.0,2
1.534,-1,-3.0,2
1.65,-1,-2.0,2
1.016,1,-1.0,2
1.301,1,3.0,2
1.15,1,-1.0,2
1.167,-1,0.0,2
1.484,1,0.0,2
1.3,1,-1.0,2
1.2,1,3.0,2
1.234,-1,0.0,2
1.1,-1,-2.0,2
1.284,-1,-2.0,2
1.017,1,-1.0,2
1.8,-1,0.0,2
1.067,1,-1.0,2
1.701,-1,-1.0,2
2.467,-1,-3.0,2
2.1,-1,2.0,2
1.267,-1,-1.0,2
1.351,1,2.0,2
1.133,1,2.0,2
2.767,-1,-1.0,2
1.717,-1,0.0,2
1.083,1,3.0,2
1.884,-1,2.0,2
1.05,1,0.0,2
2.017,-1,0.0,2
1.45,1,3.0,2
2.667,-1,-3.0,2
2.167,1,-3.0,2
2.05,1,1.0,2
1.05,1,2.0,2
2.917,-1,2.0,3
2.167,-1,0.0,3
4.167,1,2.0,3
1.733,1,0.0,3
2.8,1,-2.0,3
1.217,1,3.0,3
1.434,-1,-3.0,3
2.401,-1,-3.0,3
1.167,1,0.0,3
2.167,1,0.0,3
4.883,-1,-2.0,3
1.184,1,1.0,3
1.4,-1,0.0,3
1.083,-1,-3.0,3
2.317,1,2.0,3
0.967,-1,-3.0,3
1.916,-1,0.0,3
0.75,1,2.0,3
1.933,1,2.0,3
2.6,-1,3.0,3
1.45,1,-1.0,3
1.3,1,1.0,3
1.3,1,2.0,3
0.917,1,3.0,3
0.983,-1,-2.0,3
1.233,-1,-2.0,3
1.133,-1,-3.0,3
1.5,-1,-3.0,3
1.767,-1,0.0,3
0.8,-1,1.0,3
1.567,-1,1.0,3
1.25,-1,-3.0,3
2.917,-1,-1.0,3
1.984,1,0.0,3
1.116,-1,-1.0,3
1.301,-1,1.0,3
1.2,1,3.0,3
0.867,-1,0.0,3
1.1,1,-1.0,3
0.75,1,-1.0,3
1.267,-1,0.0,3
1.4,1,3.0,3
2.666,-1,-1.0,3
0.784,-1,0.0,3
1.617,1,-1.0,3
1.034,-1,-2.0,3
1.617,-1,2.0,3
1.884,1,3.0,3
1.283,1,0.0,3
3.101,1,-2.0,3
1.15,1,3.0,3
1.6,-1,-3.0,3
0.984,-1,-1.0,3
1.034,1,2.0,3
2.517,-1,-3.0,3
1.234,1,0.0,3
0.984,1,2.0,3
1.634,1,0.0,3
1.484,-1,1.0,3
4.9,1,3.0,3
1.167,1,1.0,3
1.101,-1,-2.0,3
0.866,-1,0.0,3
1.184,-1,-2.0,3
2.884,1,3.0,3
0.75,-1,-2.0,3
1.551,-1,-1.0,3
1.416,-1,1.0,3
1.3,-1,0.0,3
1.201,-1,-1.0,3
1.784,1,0.0,3
1.284,-1,-1.0,3
1.383,1,2.0,3
1.317,-1,0.0,3
1.133,1,3.0,3
0.9,-1,-2.0,3
1.05,1,3.0,3
1.35,-1,1.0,3
1.084,-1,0.0,3
0.867,1,2.0,3
1.484,-1,-1.0,3
0.834,-1,0.0,3
1.1,1,0.0,3
1.217,1,2.0,3
1.334,1,0.0,3
1.4,-1,2.0,3
1.117,-1,-1.0,3
1.4,-1,-3.0,3
1.583,-1,-3.0,3
0.901,1,-2.0,3
2.45,1,-1.0,3
1.867,1,1.0,3
1.167,-1,-2.0,3
1.766,-1,0.0,3
0.851,1,2.0,3
0.901,-1,-1.0,3
1.35,-1,-2.0,3
0.866,-1,-3.0,3
0.801,-1,-2.0,3
1.25,1,2.0,3
0.85,1,-2.0,3
0.901,-1,-1.0,3
0.817,-1,-1.0,3
0.767,-1,-3.0,3
1.184,-1,-1.0,3
1.217,1,0.0,3
1.351,1,-3.0,3
1.05,1,2.0,3
1.501,-1,3.0,3
0.9,-1,-2.0,3
1.166,-1,-3.0,3
1.234,-1,0.0,3
1.851,1,3.0,3
1.183,1,1.0,3
1.75,-1,0.0,3
0.766,-1,-1.0,3
1.584,-1,2.0,3
0.75,-1,-2.0,3
0.817,1,0.0,3
1.867,-1,0.0,3
1.166,1,1.0,3
0.884,-1,1.0,3
1.25,1,0.0,3
1.434,-1,-2.0,3
0.7,1,2.0,3
1.483,-1,0.0,3
1.067,-1,1.0,3
1.15,1,2.0,3
1.75,-1,-3.0,3
0.667,1,1.0,3
0.8,1,-1.0,3
0.667,1,2.0,3
0.85,-1,-1.0,3
0.733,1,0.0,3
1.25,-1,-2.0,3
0.7,-1,-3.0,3
1.017,1,3.0,3
1.45,1,-2.0,3
0.934,-1,-3.0,3
1.001,1,0.0,3
1.25,1,2.0,3
2.15,1,2.0,3
1.017,-1,-3.0,3
1.6,1,3.0,3
1.266,-1,1.0,3
1.717,-1,1.0,3
2.216,-1,-1.0,3
1.667,1,2.0,3
0.984,1,2.0,3
1.117,-1,-2.0,3
1.217,-1,0.0,3
3.334,-1,0.0,3
0.683,-1,-3.0,3
0.833,-1,-1.0,3
1.267,-1,-2.0,3
1.617,-1,0.0,3
1.133,1,-3.0,3
1.45,1,0.0,3
0.8,-1,-3.0,3
1.184,-1,-1.0,3
1.417,1,0.0,3
1.433,-1,-1.0,3
1.684,-1,-1.0,3
0.967,-1,2.0,3
0.934,-1,-2.0,3
0.733,-1,-3.0,3
1.0,-1,0.0,3
1.283,-1,0.0,3
1.133,1,2.0,3
1.784,-1,2.0,3
0.867,-1,0.0,3
0.967,-1,2.0,3
1.033,-1,-2.0,3
1.0,1,3.0,3
1.4,-1,1.0,3
0.816,1,0.0,3
1.333,1,-1.0,3
1.85,-1,-3.0,3
0.817,1,3.0,3
1.7,1,2.0,3
1.45,-1,-1.0,3
1.367,-1,2.0,3
0.9,1,1.0,3
1.9,-1,-1.0,3
2.717,-1,1.0,3
1.217,1,3.0,3
1.267,-1,-2.0,3
1.367,1,3.0,3
1.717,-1,-3.0,3
4.651,-1,-1.0,3
0.984,1,-1.0,3
0.667,-1,0.0,3
0.866,-1,1.0,3
1.667,1,-2.0,4
2.134,1,-3.0,4
1.567,-1,3.0,4
1.717,1,1.0,4
1.317,-1,-2.0,4
1.533,1,0.0,4
1.384,-1,0.0,4
1.433,1,0.0,4
1.5,1,1.0,4
1.3,-1,1.0,4
1.333,-1,1.0,4
3.117,1,1.0,4
1.95,-1,-1.0,4
1.1,1,-1.0,4
3.034,-1,0.0,4
1.934,1,-1.0,4
2.284,-1,1.0,4
1.851,1,3.0,4
2.384,-1,-3.0,4
2.6,1,-3.0,4
1.834,-1,0.0,4
1.666,-1,-1.0,4
1.684,1,-1.0,4
2.45,1,2.0,4
1.584,1,2.0,4
1.767,1,-3.0,4
1.55,1,0.0,4
1.167,-1,1.0,4
1.45,-1,1.0,4
1.4,1,3.0,4
1.417,-1,0.0,4
1.317,-1,-3.0,4
1.95,1,-1.0,4
1.467,1,-2.0,4
1.817,1,2.0,4
1.217,-1,0.0,4
1.451,-1,-2.0,4
1.533,-1,3.0,4
1.267,1,1.0,4
1.984,-1,-2.0,4
1.4,-1,-2.0,4
1.417,1,2.0,4
2.1,1,1.0,4
1.55,1,3.0,4
2.134,1,2.0,4
1.834,-1,1.0,4
1.917,-1,-2.0,4
1.417,1,-1.0,4
1.367,-1,-3.0,4
1.317,1,0.0,4
1.517,-1,-1.0,4
1.3,1,-2.0,4
1.534,1,2.0,4
1.984,-1,2.0,4
1.417,-1,1.0,4
1.284,1,0.0,4
1.6,1,-3.0,4
1.567,-1,0.0,4
1.5,1,-3.0,4
2.367,1,0.0,4
2.167,1,0.0,4
1.951,-1,0.0,4
2.217,-1,-2.0,4
4.367,1,-3.0,4
3.601,1,-2.0,4
3.234,-1,-3.0,4
1.733,1,0.0,4
1.401,1,0.0,4
1.517,1,-1.0,4
1.284,-1,-3.0,4
1.3,1,0.0,4
1.534,-1,1.0,4
0.967,1,0.0,4
2.75,1,0.0,4
1.884,-1,2.0,4
2.933,-1,2.0,4
1.867,-1,1.0,4
1.517,1,2.0,4
1.984,1,0.0,4
0.933,1,-2.0,4
2.816,-1,-1.0,4
1.201,1,1.0,4
1.283,1,0.0,4
1.683,1,2.0,4
1.834,-1,-3.0,4
2.467,1,1.0,4
2.6,-1,-2.0,4
1.617,1,2.0,4
3.0,1,3.0,4
1.801,1,0.0,4
1.3,-1,1.0,4
1.367,-1,-3.0,4
1.234,1,3.0,4
1.9,-1,-3.0,4
1.467,1,2.0,4
1.967,-1,-3.0,4
1.6,1,-3.0,4
1.984,1,2.0,4
1.684,-1,2.0,4
1.634,1,2.0,4
1.833,1,0.0,4
1.7,-1,2.0,4
1.684,1,1.0,4
1.633,-1,0.0,4
2.733,1,3.0,4
1.95,-1,-3.0,4
1.933,1,2.0,4
2.234,1,-3.0,4
2.633,-1,-2.0,4
1.45,1,0.0,4
5.701,1,1.0,4
2.534,-1,2.0,4
3.067,-1,-2.0,4
5.451,1,-3.0,4
4.851,-1,1.0,4
3.267,-1,-2.0,4
2.2,1,1.0,4
2.467,-1,-2.0,4
2.018,1,2.0,4
2.701,-1,-2.0,4
2.117,1,1.0,4
1.5,-1,-2.0,4
1.533,1,-2.0,4
2.851,-1,2.0,4
1.417,1,3.0,4
1.85,-1,1.0,4
1.983,1,1.0,4
1.717,-1,1.0,4
3.084,1,-2.0,4
1.5,-1,0.0,4
2.533,-1,3.0,4
2.351,1,3.0,4
3.517,1,0.0,4
2.317,-1,0.0,4
2.35,-1,0.0,4
1.85,-1,-1.0,4
4.233,-1,1.0,4
1.983,1,-3.0,4
1.584,-1,-3.0,4
2.784,1,1.0,4
3.016,1,0.0,4
2.517,-1,-1.0,4
1.917,-1,-3.0,4
2.634,-1,2.0,4
2.2,-1,-1.0,4
1.567,1,1.0,4
4.933,1,1.0,4
2.417,-1,-2.0,4
2.334,1,3.0,4
2.234,1,0.0,4
2.717,1,0.0,4
2.151,-1,0.0,4
4.45,1,0.0,4
4.117,-1,-1.0,4
1.9,-1,-3.0,4
1.85,-1,-2.0,4
2.667,1,3.0,4
2.217,-1,2.0,4
2.167,-1,3.0,4
1.7,-1,-1.0,4
2.134,-1,-2.0,4
1.717,-1,-1.0,4
1.284,1,-1.0,4
1.55,1,0.0,4
2.001,1,-3.0,4
1.817,1,1.0,4
1.467,1,-2.0,4
3.234,1,2.0,4
1.284,1,-1.0,4
3.166,-1,1.0,4
1.75,-1,-3.0,4
1.5,-1,1.0,4
1.233,1,0.0,4
1.717,-1,1.0,4
1.35,-1,0.0,4
1.35,-1,-1.0,4
1.55,1,0.0,4
1.617,1,2.0,4
1.3,1,1.0,4
1.334,1,2.0,4
2.4,1,-2.0,4
1.516,-1,-2.0,4
2.85,-1,1.0,4
1.734,-1,-3.0,4
1.9,1,0.0,4
1.834,-1,-1.0,4
1.367,-1,-3.0,4
1.584,1,0.0,4
2.831,1,1.0,5
1.383,1,2.0,5
2.05,-1,-3.0,5
1.05,-1,0.0,5
1.2,1,3.0,5
3.234,1,3.0,5
1.134,-1,1.0,5
1.734,-1,-3.0,5
1.334,-1,-3.0,5
1.384,1,-3.0,5
1.45,1,0.0,5
4.983,1,-2.0,5
1.05,-1,-3.0,5
0.916,-1,-3.0,5
1.817,-1,0.0,5
3.7,1,0.0,5
1.467,-1,-1.0,5
3.033,-1,2.0,5
1.451,1,0.0,5
2.816,1,3.0,5
2.017,1,0.0,5
2.417,1,-3.0,5
1.3,1,0.0,5
2.817,-1,0.0,5
1.5,1,3.0,5
1.084,-1,0.0,5
2.167,1,0.0,5
1.283,1,-1.0,5
1.683,-1,0.0,5
1.366,1,3.0,5
1.717,1,3.0,5
1.584,1,0.0,5
5.183,1,-2.0,5
1.05,-1,0.0,5
1.834,1,0.0,5
1.55,-1,2.0,5
3.167,1,1.0,5
1.251,1,2.0,5
1.084,1,2.0,5
4.783,1,-3.0,5
1.867,-1,-3.0,5
2.15,1,0.0,5
1.117,1,0.0,5
1.217,1,0.0,5
1.567,1,-3.0,5
1.134,-1,0.0,5
1.0,-1,3.0,5
2.4,1,2.0,5
1.034,-1,3.0,5
1.683,1,0.0,5
0.901,-1,-3.0,5
1.184,-1,1.0,5
1.034,-1,-3.0,5
1.184,-1,-3.0,5
1.784,-1,-2.0,5
0.867,1,0.0,5
1.883,1,0.0,5
4.65,1,3.0,5
1.2,1,-3.0,5
1.134,-1,-3.0,5
1.25,-1,-3.0,5
1.883,-1,0.0,5
1.35,1,-1.0,5
1.517,-1,-2.0,5
4.0,1,-3.0,5
0.867,1,0.0,5
1.417,-1,-3.0,5
0.883,-1,-3.0,5
0.767,1,3.0,5
2.017,1,3.0,5
1.951,1,3.0,5
1.367,1,1.0,5
1.183,-1,-3.0,5
0.767,-1,3.0,5
1.034,-1,0.0,5
1.05,-1,0.0,5
1.917,-1,-1.0,5
4.967,1,0.0,5
5.6,1,0.0,5
1.217,1,2.0,5
0.901,1,0.0,5
1.617,1,0.0,5
1.217,1,-1.0,5
2.017,-1,3.0,5
1.434,1,3.0,5
0.967,-1,-3.0,5
1.217,-1,0.0,5
1.567,1,2.0,5
1.634,-1,-1.0,5
0.967,1,3.0,5
2.684,-1,0.0,5
1.266,1,0.0,5
1.201,1,2.0,5
1.833,-1,1.0,5
0.8,-1,-2.0,5
1.05,-1,0.0,5
1.184,1,0.0,5
0.783,1,2.0,5
1.201,1,0.0,5
1.267,-1,-1.0,5
1.283,1,2.0,5
1.301,1,-2.0,5
1.184,-1,-1.0,5
1.167,1,1.0,5
1.333,-1,-3.0,5
1.417,1,3.0,5
0.783,-1,-3.0,5
0.884,-1,1.0,5
1.217,1,2.0,5
0.817,1,0.0,5
0.833,-1,-3.0,5
3.784,-1,-3.0,5
3.967,1,0.0,5
1.217,1,0.0,5
0.867,-1,0.0,5
1.101,-1,-3.0,5
0.95,1,0.0,5
1.083,-1,0.0,5
0.983,-1,0.0,5
3.934,1,0.0,5
0.917,1,3.0,5
0.783,1,0.0,5
0.834,1,0.0,5
1.334,-1,0.0,5
1.366,1,0.0,5
1.15,1,3.0,5
1.2,-1,0.0,5
1.001,-1,-3.0,5
1.717,-1,-1.0,5
1.25,1,0.0,5
1.1,1,0.0,5
0.751,-1,-3.0,5
0.933,-1,-1.0,5
0.817,-1,0.0,5
1.9,-1,0.0,5
0.683,-1,-1.0,5
1.117,1,-1.0,5
0.951,-1,1.0,5
1.067,-1,0.0,5
0.75,1,1.0,5
0.716,-1,0.0,5
1.017,-1,0.0,5
0.851,1,0.0,5
0.683,1,0.0,5
1.717,-1,3.0,5
1.433,-1,3.0,5
0.967,-1,3.0,5
0.667,1,-1.0,5
0.967,1,0.0,5
0.75,1,-3.0,5
1.017,-1,-3.0,5
3.1,1,0.0,5
1.984,1,3.0,5
2.417,1,0.0,5
1.116,1,2.0,5
1.383,-1,0.0,5
1.45,1,0.0,5
1.417,1,2.0,5
1.367,1,3.0,5
0.717,-1,0.0,5
0.917,-1,-1.0,5
1.167,-1,1.0,5
0.8,-1,-2.0,5
0.867,-1,0.0,5
1.234,1,3.0,5
0.983,-1,-1.0,5
0.75,-1,0.0,5
1.034,-1,0.0,5
0.967,-1,-1.0,5
0.75,1,0.0,5
1.75,1,1.0,5
1.567,-1,3.0,5
0.7,-1,0.0,5
0.65,1,2.0,5
0.767,-1,0.0,5
0.866,-1,-1.0,5
0.834,-1,3.0,5
0.917,1,1.0,5
0.766,-1,2.0,5
0.734,1,0.0,5
0.783,1,2.0,5
1.084,1,0.0,5
0.701,-1,-2.0,5
0.9,1,0.0,5
1.05,-1,-2.0,5
0.817,-1,1.0,5
0.701,1,2.0,5
1.634,-1,2.0,5
0.617,-1,2.0,5
1.217,-1,-2.0,5
1.033,1,2.0,5
0.967,1,2.0,5
1.801,1,0.0,5
1.234,1,3.0,5
1.501,-1,-3.0,5
3.067,-1,-2.0,5
1.55,1,0.0,6
2.217,1,2.0,6
1.534,1,2.0,6
3.1,-1,-3.0,6
2.934,1,1.0,6
4.583,1,-1.0,6
1.801,-1,-3.0,6
4.684,-1,0.0,6
2.317,1,-3.0,6
4.15,-1,-1.0,6
1.851,1,0.0,6
2.717,1,0.0,6
1.417,-1,-3.0,6
2.467,-1,-1.0,6
2.817,1,-1.0,6
3.233,-1,-1.0,6
3.284,1,0.0,6
3.101,-1,-1.0,6
3.65,-1,-1.0,6
1.717,-1,-2.0,6
2.584,1,3.0,6
3.084,-1,0.0,6
1.467,-1,-1.0,6
1.717,1,1.0,6
1.234,-1,3.0,6
1.65,-1,-2.0,6
1.966,1,3.0,6
1.833,1,1.0,6
1.283,-1,0.0,6
3.701,1,-1.0,6
2.766,1,-1.0,6
1.733,-1,0.0,6
2.084,-1,-3.0,6
1.517,-1,-1.0,6
1.4,-1,0.0,6
1.6,1,2.0,6
2.6,-1,-1.0,6
0.917,1,3.0,6
2.3,1,0.0,6
1.517,-1,-1.0,6
3.967,-1,-2.0,6
1.017,1,0.0,6
1.417,1,0.0,6
1.417,-1,-1.0,6
1.866,1,0.0,6
4.267,-1,-1.0,6
3.15,1,0.0,6
1.717,1,2.0,6
1.333,-1,-2.0,6
1.2,1,2.0,6
1.366,1,0.0,6
2.834,1,2.0,6
1.466,1,0.0,6
0.966,1,3.0,6
1.501,-1,-2.0,6
4.284,-1,0.0,6
1.15,-1,0.0,6
1.2,1,1.0,6
1.2,1,3.0,6
0.934,1,1.0,6
1.234,1,3.0,6
2.867,-1,-2.0,6
2.584,1,0.0,6
1.716,1,3.0,6
1.217,-1,-2.0,6
3.517,1,-1.0,6
1.484,1,2.0,6
2.884,1,2.0,6
2.0,-1,-2.0,6
2.117,-1,-2.0,6
2.3,1,2.0,6
1.817,-1,-1.0,6
2.85,-1,-3.0,6
1.3,1,3.0,6
2.6,1,0.0,6
1.383,-1,-2.0,6
1.467,1,2.0,6
1.467,-1,-2.0,6
4.816,-1,-2.0,6
1.567,-1,-2.0,6
1.217,1,2.0,6
1.9,-1,-2.0,6
1.166,-1,-2.0,6
1.134,-1,-3.0,6
1.316,-1,-2.0,6
1.417,1,1.0,6
1.567,-1,-3.0,6
1.167,-1,-3.0,6
1.983,1,1.0,6
4.917,-1,1.0,6
1.217,-1,0.0,6
2.034,-1,-2.0,6
3.3,1,0.0,6
1.617,1,3.0,6
1.0,-1,0.0,6
2.867,1,0.0,6
2.967,1,1.0,6
2.684,-1,2.0,6
1.434,-1,1.0,6
1.433,-1,1.0,6
1.384,-1,-2.0,6
1.783,1,2.0,6
2.183,-1,0.0,6
1.184,1,2.0,6
1.267,-1,-2.0,6
2.2,-1,-2.0,6
2.501,-1,1.0,6
2.101,-1,1.0,6
1.867,-1,-3.0,6
2.1,1,0.0,6
1.25,1,3.0,6
1.55,1,2.0,6
1.717,1,2.0,6
1.8,1,-1.0,6
1.467,1,-3.0,6
1.1,1,2.0,6
2.801,1,1.0,6
1.8,1,3.0,6
2.401,-1,0.0,6
1.417,1,3.0,6
1.734,-1,-2.0,6
1.467,-1,-2.0,6
1.233,1,3.0,6
2.0,1,1.0,6
1.233,1,3.0,6
1.5,1,-2.0,6
1.984,-1,1.0,6
1.667,1,0.0,6
2.966,-1,-3.0,6
2.184,1,1.0,6
1.934,1,-2.0,6
1.45,-1,-2.0,6
1.184,1,-3.0,6
1.001,1,2.0,6
1.401,1,3.0,6
1.767,1,-2.0,6
1.334,1,0.0,6
2.3,-1,-3.0,6
1.667,1,0.0,6
1.667,1,3.0,6
1.5,-1,1.0,6
1.817,1,2.0,6
2.5,1,0.0,6
1.366,1,2.0,6
2.216,-1,-3.0,6
1.451,1,1.0,6
2.25,-1,0.0,6
0.983,1,1.0,6
3.35,1,3.0,6
3.2,1,3.0,6
1.15,1,0.0,6
2.884,-1,1.0,6
1.65,-1,1.0,6
2.083,-1,-2.0,6
1.25,1,2.0,6
2.334,-1,0.0,6
1.3,1,1.0,6
5.166,-1,0.0,6
2.784,-1,-2.0,6
2.05,1,1.0,6
1.517,1,2.0,6
2.301,1,-1.0,6
1.95,1,0.0,6
1.6,1,2.0,6
1.1,-1,1.0,6
1.216,1,2.0,6
3.9,1,-3.0,6
3.7,1,1.0,6
2.367,1,1.0,6
2.433,-1,-2.0,6
2.35,1,0.0,6
2.434,1,1.0,6
1.384,1,0.0,6
1.533,-1,2.0,6
2.167,1,1.0,6
2.884,-1,-3.0,6
1.7,1,2.0,6
2.517,-1,3.0,6
3.266,1,-1.0,6
2.2,-1,-2.0,6
2.4,-1,0.0,6
1.484,-1,-1.0,6
1.133,1,0.0,6
1.567,-1,-3.0,6
5.35,-1,-1.0,6
2.317,1,2.0,6
0.833,1,-1.0,6
1.267,1,3.0,6
2.467,1,1.0,7
3.734,1,3.0,7
3.633,-1,-3.0,7
2.4,-1,1.0,7
1.917,1,0.0,7
1.434,1,-2.0,7
1.85,-1,-3.0,7
1.133,-1,-3.0,7
2.817,1,0.0,7
1.567,1,0.0,7
1.667,1,0.0,7
1.684,1,-3.0,7
2.75,1,1.0,7
1.133,1,3.0,7
1.35,-1,-1.0,7
2.667,-1,-1.0,7
2.733,-1,-3.0,7
1.45,1,2.0,7
1.4,-1,-1.0,7
1.317,-1,-1.0,7
1.517,1,1.0,7
1.433,-1,-3.0,7
1.334,-1,1.0,7
1.183,-1,2.0,7
1.383,1,-3.0,7
2.4,-1,0.0,7
1.534,1,2.0,7
1.166,1,0.0,7
1.05,1,0.0,7
2.583,-1,-1.0,7
0.866,1,1.0,7
1.133,-1,-3.0,7
1.6,1,3.0,7
0.9,1,2.0,7
2.367,-1,-2.0,7
1.134,-1,-3.0,7
0.883,-1,-2.0,7
1.6,1,1.0,7
1.2,1,3.0,7
1.733,-1,-3.0,7
0.867,-1,-3.0,7
2.85,-1,0.0,7
2.601,1,3.0,7
2.634,-1,3.0,7
1.067,1,2.0,7
1.484,-1,-1.0,7
1.251,1,2.0,7
2.517,-1,0.0,7
1.4,1,3.0,7
1.817,1,1.0,7
1.467,1,-3.0,7
1.3,-1,0.0,7
0.934,-1,1.0,7
1.217,1,1.0,7
1.283,1,0.0,7
1.284,1,0.0,7
1.433,1,1.0,7
1.384,1,3.0,7
1.2,1,0.0,7
1.767,-1,1.0,7
1.167,1,2.0,7
0.966,-1,-3.0,7
0.883,-1,-2.0,7
0.851,-1,-3.0,7
1.95,1,3.0,7
2.501,-1,-2.0,7
1.484,1,-2.0,7
1.45,-1,2.0,7
0.95,1,0.0,7
2.184,-1,-1.0,7
1.367,-1,-3.0,7
1.05,1,2.0,7
1.533,1,1.0,7
1.5,1,0.0,7
2.251,1,0.0,7
1.184,1,2.0,7
1.066,1,0.0,7
1.701,-1,-1.0,7
1.35,-1,-2.0,7
1.434,-1,-1.0,7
1.984,1,2.0,7
1.4,-1,-1.0,7
1.383,-1,-1.0,7
1.184,1,3.0,7
0.884,1,3.0,7
1.45,1,-1.0,7
1.584,1,2.0,7
2.266,1,2.0,7
0.9,-1,0.0,7
1.617,1,0.0,7
1.15,-1,-1.0,7
1.133,1,-3.0,7
2.283,-1,-3.0,7
1.366,-1,-3.0,7
1.167,1,2.0,7
0.734,1,2.0,7
3.517,1,0.0,7
1.6,-1,-2.0,7
1.316,-1,-3.0,7
4.267,1,0.0,7
1.266,1,3.0,7
1.333,1,0.0,7
1.984,1,1.0,7
2.317,-1,-3.0,7
1.217,-1,-1.0,7
1.367,1,2.0,7
1.333,1,2.0,7
1.134,-1,-2.0,7
1.784,1,2.0,7
1.917,-1,-1.0,7
1.7,-1,-1.0,7
1.284,-1,0.0,7
1.35,-1,-1.0,7
1.617,1,-3.0,7
3.2,-1,3.0,7
1.717,-1,0.0,7
1.917,1,-2.0,7
2.517,-1,0.0,7
1.467,1,2.0,7
0.95,-1,-2.0,7
1.567,1,1.0,7
1.383,1,1.0,7
1.917,1,2.0,7
1.684,1,3.0,7
1.417,1,0.0,7
1.001,1,0.0,7
1.15,1,3.0,7
2.15,-1,-3.0,7
0.867,1,3.0,7
1.451,-1,-1.0,7
1.833,1,1.0,7
1.217,1,3.0,7
0.934,-1,0.0,7
1.417,1,2.0,7
1.267,1,-1.0,7
1.501,-1,2.0,7
1.434,1,3.0,7
1.333,1,0.0,7
1.367,-1,0.0,7
0.933,1,1.0,7
3.751,-1,2.0,7
0.85,1,-2.0,7
1.233,1,2.0,7
1.467,1,0.0,7
1.067,1,1.0,7
1.967,1,0.0,7
1.083,1,0.0,7
1.15,1,1.0,7
2.35,-1,2.0,7
1.1,1,1.0,7
1.267,1,1.0,7
1.417,1,-1.0,7
2.05,1,2.0,7
2.667,1,1.0,7
1.6,1,0.0,7
1.366,-1,-2.0,7
1.5,-1,1.0,7
1.084,-1,0.0,7
1.284,-1,-2.0,7
1.067,1,-2.0,7
1.467,1,-2.0,7
0.9,-1,-1.0,7
1.434,1,0.0,7
1.967,1,-1.0,7
1.5,-1,-2.0,7
2.383,-1,0.0,7
1.05,1,3.0,7
2.251,-1,-3.0,7
1.117,1,2.0,7
1.233,-1,1.0,7
2.1,1,-2.0,7
1.4,-1,-2.0,7
1.2,-1,-3.0,7
1.15,-1,-3.0,7
1.534,-1,1.0,7
1.284,-1,0.0,7
1.484,-1,0.0,7
1.084,-1,-2.0,7
1.9,-1,-1.0,7
1.201,1,0.0,7
1.284,-1,0.0,7
1.35,-1,-1.0,7
1.234,1,2.0,7
1.067,1,-1.0,7
1.25,-1,0.0,7
1.033,1,-1.0,7
1.15,-1,-2.0,7
1.5,1,1.0,8
2.067,-1,-1.0,8
3.267,-1,2.0,8
2.717,-1,0.0,8
2.034,-1,-2.0,8
2.517,1,1.0,8
1.867,1,3.0,8
1.1,1,1.0,8
1.6,-1,1.0,8
3.167,-1,0.0,8
1.033,-1,-1.0,8
1.334,1,-1.0,8
3.683,1,2.0,8
5.533,-1,-3.0,8
2.934,-1,0.0,8
1.467,-1,0.0,8
2.017,1,2.0,8
2.817,-1,1.0,8
1.534,-1,-2.0,8
1.467,-1,-2.0,8
1.35,-1,-1.0,8
1.667,-1,0.0,8
1.767,-1,-2.0,8
2.416,-1,-2.0,8
1.933,-1,2.0,8
2.684,1,0.0,8
2.267,1,1.0,8
2.583,1,0.0,8
3.3,-1,3.0,8
1.8,1,-2.0,8
1.401,-1,0.0,8
1.15,1,-2.0,8
1.984,1,0.0,8
1.467,1,3.0,8
3.733,-1,3.0,8
1.767,-1,-2.0,8
1.35,1,1.0,8
2.283,1,-1.0,8
1.683,1,1.0,8
1.35,1,-3.0,8
1.366,1,3.0,8
1.167,-1,0.0,8
1.217,1,2.0,8
1.567,-1,1.0,8
2.45,1,0.0,8
1.45,-1,3.0,8
1.8,1,1.0,8
1.651,-1,-2.0,8
2.05,-1,1.0,8
1.933,1,1.0,8
1.867,-1,2.0,8
1.383,1,2.0,8
1.717,-1,0.0,8
1.534,-1,-1.0,8
1.884,-1,-1.0,8
4.817,1,-3.0,8
1.383,1,0.0,8
2.25,-1,1.0,8
2.717,1,-3.0,8
2.067,1,0.0,8
1.434,1,-1.0,8
2.284,1,-1.0,8
1.8,-1,3.0,8
2.166,-1,-3.0,8
1.951,1,-1.0,8
2.184,-1,-2.0,8
1.534,-1,0.0,8
1.65,1,2.0,8
1.917,-1,0.0,8
1.367,-1,-1.0,8
1.183,1,-1.0,8
1.584,-1,3.0,8
1.533,1,-3.0,8
2.634,1,3.0,8
1.2,-1,0.0,8
3.033,1,-2.0,8
2.733,1,-3.0,8
1.267,1,2.0,8
1.616,-1,-2.0,8
1.75,1,1.0,8
2.534,-1,3.0,8
1.6,-1,-3.0,8
1.633,-1,2.0,8
1.484,1,3.0,8
1.284,-1,0.0,8
1.084,-1,1.0,8
1.3,-1,-2.0,8
1.484,1,1.0,8
1.183,-1,-2.0,8
1.033,1,3.0,8
2.75,1,-2.0,8
1.983,-1,1.0,8
1.101,-1,0.0,8
1.45,1,0.0,8
1.517,-1,-1.0,8
1.217,-1,-1.0,8
1.384,-1,2.0,8
4.5,-1,3.0,8
2.1,1,-2.0,8
1.534,1,3.0,8
1.984,1,0.0,8
0.933,1,2.0,8
1.517,-1,-3.0,8
2.367,-1,-1.0,8
2.05,-1,1.0,8
1.617,1,2.0,8
1.85,-1,-3.0,8
2.4,-1,0.0,8
1.884,-1,-1.0,8
1.101,-1,-2.0,8
3.784,1,-2.0,8
2.384,-1,0.0,8
1.05,1,-2.0,8
1.583,-1,-1.0,8
2.75,1,2.0,8
1.367,1,2.0,8
2.617,-1,1.0,8
1.983,1,3.0,8
2.1,-1,-1.0,8
1.101,1,-1.0,8
2.333,-1,-2.0,8
1.35,-1,0.0,8
1.45,1,-2.0,8
1.333,-1,3.0,8
1.467,1,2.0,8
2.317,-1,2.0,8
1.0,-1,0.0,8
1.3,1,-3.0,8
2.484,-1,2.0,8
1.216,1,0.0,8
1.183,1,2.0,8
1.234,1,2.0,8
1.05,1,0.0,8
1.133,1,0.0,8
0.95,-1,-2.0,8
1.8,1,-3.0,8
1.267,1,2.0,8
1.217,-1,-1.0,8
1.45,1,2.0,8
1.317,1,0.0,8
1.667,-1,1.0,8
2.317,1,-1.0,8
1.117,1,1.0,8
2.084,-1,0.0,8
1.367,1,-3.0,8
1.2,-1,3.0,8
1.617,1,2.0,8
0.816,1,3.0,8
1.084,1,0.0,8
1.233,1,1.0,8
1.45,-1,-1.0,8
1.05,-1,-1.0,8
1.733,-1,0.0,8
1.517,-1,1.0,8
1.184,1,-2.0,8
1.3,1,2.0,8
0.951,1,3.0,8
1.95,-1,3.0,8
2.767,-1,1.0,8
1.633,-1,3.0,8
2.083,1,0.0,8
1.134,-1,-1.0,8
1.034,-1,0.0,8
1.134,1,2.0,8
1.133,-1,-1.0,8
1.017,1,3.0,8
2.984,-1,2.0,8
1.684,-1,0.0,8
1.101,1,0.0,8
1.217,-1,0.0,8
1.0,-1,-3.0,8
1.117,-1,0.0,8
2.084,1,-1.0,8
1.433,-1,0.0,8
1.134,1,-1.0,8
1.0,1,0.0,8
1.083,-1,-1.0,8
1.151,1,-2.0,8
0.934,1,3.0,8
0.901,-1,-1.0,8
0.717,1,2.0,8
1.083,1,0.0,8
1.0,1,3.0,8
1.383,-1,1.0,8
2.817,1,-2.0,8
1.017,-1,-1.0,8
0.934,1,3.0,8
1.5,1,1.0,8
1.3,1,0.0,8
1.083,1,3.0,8
1.634,1,3.0,8
1.316,1,2.0,8
0.95,1,2.0,8
1.384,1,2.0,8
1.134,1,1.0,8
2.681,1,0.0,9
1.784,-1,-1.0,9
1.7,1,-1.0,9
1.3,-1,2.0,9
1.233,-1,-2.0,9
1.617,-1,-2.0,9
1.5,1,0.0,9
1.1,1,3.0,9
1.567,-1,-1.0,9
1.467,-1,-2.0,9
1.501,-1,-1.0,9
1.484,-1,-3.0,9
1.517,1,2.0,9
2.767,1,0.0,9
1.267,-1,-3.0,9
1.2,-1,-3.0,9
1.5,-1,-1.0,9
1.483,1,2.0,9
1.45,1,1.0,9
2.117,1,0.0,9
1.5,1,1.0,9
2.2,-1,1.0,9
1.383,1,2.0,9
1.934,1,0.0,9
1.083,-1,-2.0,9
1.467,-1,0.0,9
1.65,1,0.0,9
1.367,-1,-1.0,9
1.05,1,3.0,9
1.117,-1,-1.0,9
1.617,-1,-1.0,9
2.7,1,2.0,9
1.267,1,1.0,9
1.417,1,2.0,9
1.25,1,3.0,9
1.1,-1,-2.0,9
1.683,-1,-2.0,9
1.5,1,-1.0,9
1.517,1,3.0,9
1.383,1,3.0,9
1.55,-1,0.0,9
1.217,-1,-2.0,9
1.1,1,1.0,9
1.7,-1,0.0,9
1.601,1,0.0,9
2.266,1,-1.0,9
1.35,-1,0.0,9
2.217,-1,-3.0,9
1.367,-1,-2.0,9
1.484,1,1.0,9
1.367,-1,-1.0,9
1.117,1,-1.0,9
1.117,-1,-1.0,9
1.8,1,3.0,9
1.55,1,2.0,9
1.5,-1,0.0,9
1.267,1,2.0,9
1.484,1,-1.0,9
1.5,1,-1.0,9
1.367,1,-1.0,9
0.883,1,2.0,9
1.45,1,2.0,9
1.084,-1,-1.0,9
1.451,1,1.0,9
1.334,1,2.0,9
1.667,1,2.0,9
1.467,1,3.0,9
1.233,-1,-3.0,9
1.25,-1,-2.0,9
1.3,-1,-2.0,9
1.167,-1,-1.0,9
2.05,1,0.0,9
0.967,-1,-2.0,9
2.234,1,1.0,9
1.1,-1,-1.0,9
1.433,1,3.0,9
0.917,1,3.0,9
1.333,1,2.0,9
1.067,-1,-2.0,9
1.05,-1,-3.0,9
1.5,-1,-1.0,9
0.783,-1,-2.0,9
1.433,1,0.0,9
1.033,1,2.0,9
1.367,1,2.0,9
1.051,1,2.0,9
1.201,-1,-2.0,9
1.0,1,3.0,9
0.85,-1,-3.0,9
0.85,-1,-3.0,9
1.066,1,0.0,9
1.25,1,1.0,9
0.95,-1,-2.0,9
1.117,-1,-3.0,9
0.984,1,0.0,9
1.117,-1,-2.0,9
1.283,-1,-2.0,9
1.2,1,-1.0,9
1.183,-1,-3.0,9
0.733,1,2.0,9
1.383,-1,0.0,9
1.351,1,2.0,9
0.75,-1,-3.0,9
1.167,-1,-2.0,9
1.45,1,-1.0,9
1.367,1,2.0,9
1.55,1,0.0,9
1.033,-1,-2.0,9
0.917,1,2.0,9
1.066,-1,-3.0,9
1.534,-1,2.0,9
1.967,1,1.0,9
2.15,1,0.0,9
1.484,-1,0.0,9
1.517,-1,-3.0,9
1.184,-1,-3.0,9
1.134,-1,-1.0,9
1.017,1,2.0,9
1.166,1,1.0,9
1.05,1,-1.0,9
2.566,-1,-1.0,9
1.117,-1,-2.0,9
1.0,1,0.0,9
1.184,1,0.0,9
1.25,-1,-1.0,9
1.184,1,1.0,9
1.234,-1,1.0,9
1.0,-1,-2.0,9
1.417,1,1.0,9
1.167,1,3.0,9
1.033,1,1.0,9
0.984,1,1.0,9
1.034,1,2.0,9
1.517,1,0.0,9
1.1,1,1.0,9
1.184,-1,0.0,9
2.05,1,1.0,9
1.067,-1,0.0,9
1.367,1,0.0,9
1.134,1,1.0,9
1.183,-1,-2.0,9
0.834,1,2.0,9
0.934,-1,-2.0,9
1.033,-1,-3.0,9
1.567,-1,1.0,9
1.767,1,0.0,9
1.05,-1,0.0,9
1.0,-1,0.0,9
1.233,1,3.0,9
1.466,1,3.0,9
1.183,1,-1.0,9
0.817,1,0.0,9
1.167,-1,-1.0,9
1.134,-1,-2.0,9
1.167,1,1.0,9
1.05,-1,-1.0,9
1.334,1,2.0,9
1.367,1,-1.0,9
0.95,-1,-1.0,9
0.767,1,3.0,9
1.501,-1,2.0,9
1.683,1,1.0,9
1.583,-1,1.0,9
1.634,1,0.0,9
0.95,1,1.0,9
1.084,-1,-2.0,9
1.051,1,1.0,9
1.434,1,0.0,9
1.017,-1,-2.0,9
1.834,-1,-2.0,9
1.817,1,3.0,9
1.416,1,-1.0,9
1.183,1,1.0,9
1.15,-1,1.0,9
0.8,1,0.0,9
0.9,1,2.0,9
1.35,-1,-3.0,9
0.917,1,3.0,9
1.101,1,2.0,9
0.95,-1,0.0,9
0.667,1,0.0,9
1.267,1,0.0,9
1.5,-1,0.0,9
0.883,-1,-2.0,9
1.267,-1,-3.0,9
1.134,1,1.0,9
1.034,1,3.0,9
1.217,-1,-1.0,9
1.067,-1,-1.0,9
1.267,-1,-1.0,9
1.233,1,1.0,9
1.95,-1,0.0,9
1.084,1,1.0,9
0.967,-1,0.0,9
1.25,1,0.0,9
0.917,1,3.0,9
1.116,1,2.0,9
1.517,1,3.0,9
0.95,1,0.0,9
2.167,1,-1.0,10
1.2,-1,-1.0,10
1.317,-1,-2.0,10
1.533,1,-1.0,10
1.183,-1,-2.0,10
1.117,1,2.0,10
2.133,1,0.0,10
1.05,1,2.0,10
1.551,1,3.0,10
1.867,-1,0.0,10
1.667,-1,0.0,10
1.767,-1,3.0,10
1.117,1,1.0,10
1.65,1,2.0,10
1.117,1,0.0,10
1.3,1,3.0,10
1.25,1,0.0,10
1.35,1,0.0,10
2.117,-1,-2.0,10
1.134,-1,-3.0,10
1.733,-1,0.0,10
1.933,-1,0.0,10
2.6,1,0.0,10
1.267,-1,0.0,10
1.867,1,0.0,10
1.25,1,3.0,10
0.983,1,-1.0,10
1.817,-1,-3.0,10
2.417,-1,-1.0,10
1.8,-1,-1.0,10
1.433,-1,-3.0,10
1.433,1,2.0,10
1.267,-1,0.0,10
1.233,-1,-2.0,10
1.283,1,2.0,10
2.017,-1,0.0,10
1.201,-1,-1.0,10
1.267,1,2.0,10
1.05,-1,-3.0,10
1.8,-1,0.0,10
2.384,-1,-1.0,10
1.083,1,1.0,10
1.117,1,2.0,10
2.0,-1,0.0,10
0.916,-1,-2.0,10
1.817,-1,-3.0,10
1.584,1,-2.0,10
1.75,-1,-1.0,10
1.983,1,0.0,10
1.4,1,0.0,10
1.683,-1,1.0,10
2.3,-1,-2.0,10
1.534,1,2.0,10
2.017,1,-1.0,10
1.05,1,0.0,10
2.417,1,2.0,10
1.583,-1,0.0,10
2.25,-1,0.0,10
1.35,1,3.0,10
1.35,-1,-2.0,10
1.884,-1,-3.0,10
2.501,1,-2.0,10
1.483,1,1.0,10
1.934,1,3.0,10
1.533,-1,1.0,10
1.1,1,0.0,10
1.333,-1,-2.0,10
1.35,1,3.0,10
1.783,-1,-1.0,10
1.883,1,-2.0,10
1.501,-1,-3.0,10
1.084,1,2.0,10
1.784,1,0.0,10
1.767,1,2.0,10
1.217,1,-1.0,10
1.033,1,2.0,10
1.583,1,2.0,10
1.567,-1,-2.0,10
1.1,1,1.0,10
1.1,1,0.0,10
1.834,-1,0.0,10
1.3,1,0.0,10
1.117,1,2.0,10
1.134,1,1.0,10
1.383,-1,-2.0,10
1.184,-1,-1.0,10
1.467,1,1.0,10
1.283,-1,-2.0,10
1.483,1,0.0,10
1.283,1,3.0,10
1.75,-1,-1.0,10
1.35,-1,2.0,10
0.984,1,3.0,10
2.117,1,-1.0,10
2.034,-1,-3.0,10
1.4,1,1.0,10
2.466,-1,0.0,10
1.517,1,2.0,10
2.15,-1,-1.0,10
4.016,-1,3.0,10
1.934,-1,0.0,10
1.6,-1,3.0,10
2.35,1,2.0,10
1.333,-1,-3.0,10
1.117,-1,-3.0,10
1.301,-1,1.0,10
2.334,1,0.0,10
1.101,1,3.0,10
1.334,-1,-2.0,10
1.95,1,3.0,10
1.734,1,2.0,10
1.417,-1,1.0,10
1.367,1,2.0,10
1.533,-1,-3.0,10
2.2,1,2.0,10
1.284,1,0.0,10
1.117,1,3.0,10
1.9,-1,0.0,10
1.301,1,2.0,10
1.1,1,3.0,10
1.083,1,3.0,10
1.167,1,-2.0,10
1.183,1,1.0,10
2.35,1,-1.0,10
1.667,-1,-3.0,10
1.95,1,3.0,10
1.867,-1,-2.0,10
1.467,1,0.0,10
2.767,1,3.0,10
1.9,-1,-1.0,10
1.634,-1,-2.0,10
1.384,-1,1.0,10
2.134,1,2.0,10
1.167,1,2.0,10
1.583,1,1.0,10
2.184,1,3.0,10
1.251,1,3.0,10
1.667,1,1.0,10
1.25,-1,0.0,10
1.434,1,2.0,10
2.617,-1,1.0,10
1.65,-1,-1.0,10
1.984,-1,-1.0,10
1.567,1,3.0,10
1.533,1,3.0,10
1.917,1,2.0,10
1.301,-1,-3.0,10
1.367,-1,0.0,10
4.901,-1,-2.0,10
1.217,-1,0.0,10
1.267,-1,-3.0,10
1.067,-1,-1.0,10
1.55,-1,-3.0,10
1.2,-1,-3.0,10
1.633,-1,2.0,10
1.383,-1,-3.0,10
2.017,-1,0.0,10
1.334,1,3.0,10
2.2,1,2.0,10
1.433,1,0.0,10
0.917,1,3.0,10
2.85,1,-1.0,10
2.05,-1,0.0,10
2.051,1,2.0,10
1.933,-1,1.0,10
1.167,1,0.0,10
1.35,-1,-3.0,10
1.283,1,3.0,10
1.567,-1,-3.0,10
1.617,1,0.0,10
1.117,1,3.0,10
1.533,1,2.0,10
1.167,1,2.0,10
1.034,1,0.0,10
1.85,-1,3.0,10
1.717,-1,0.0,10
2.317,-1,-2.0,10
4.967,1,3.0,10
1.517,1,2.0,10
1.234,-1,-3.0,10
3.184,-1,-1.0,10
1.45,-1,-3.0,10
1.301,-1,-3.0,10
0.951,1,1.0,10
2.684,-1,1.0,10
1.533,-1,0.0,10
1.767,1,1.0,10
2.034,1,3.0,10
1.966,1,3.0,10
1.35,-1,0.0,10
1.667,1,2.0,10
2.034,-1,-2.0,10
1.451,1,1.0,10
1.801,1,-1.0,10
2.067,-1,-1.0,10
1.65,1,-1.0,10
2.5,1,0.0,11
1.8,1,-1.0,11
1.751,1,-1.0,11
1.767,1,3.0,11
4.284,1,1.0,11
4.0,-1,0.0,11
1.75,1,1.0,11
5.45,1,-2.0,11
2.05,1,2.0,11
5.784,-1,0.0,11
3.133,1,-1.0,11
3.167,-1,-2.0,11
1.417,-1,0.0,11
4.134,1,-2.0,11
1.367,1,1.0,11
1.767,-1,-2.0,11
2.884,1,1.0,11
1.566,1,-3.0,11
3.767,-1,1.0,11
2.701,-1,-3.0,11
2.867,-1,-1.0,11
1.383,-1,0.0,11
3.251,1,3.0,11
4.717,1,-1.0,11
3.617,1,-2.0,11
2.467,1,0.0,11
2.033,1,0.0,11
2.617,-1,-3.0,11
1.984,-1,-1.0,11
1.466,1,-1.0,11
1.9,1,3.0,11
1.851,-1,-2.0,11
2.117,-1,-3.0,11
1.617,-1,-1.0,11
2.217,-1,1.0,11
3.434,-1,1.0,11
2.434,-1,-1.0,11
2.183,1,-3.0,11
4.75,1,1.0,11
1.7,1,2.0,11
3.8,1,1.0,11
2.65,-1,0.0,11
4.533,-1,0.0,11
2.683,1,-3.0,11
2.234,-1,-3.0,11
1.534,-1,-3.0,11
4.634,1,-2.0,11
4.083,-1,-2.0,11
3.001,-1,-2.0,11
2.551,-1,2.0,11
1.734,1,3.0,11
3.3,-1,1.0,11
1.717,1,2.0,11
2.117,1,2.0,11
1.384,-1,0.0,11
1.617,-1,-3.0,11
1.451,1,3.0,11
1.484,-1,-2.0,11
1.934,1,2.0,11
3.117,-1,-3.0,11
1.784,-1,1.0,11
1.5,1,0.0,11
2.0,1,0.0,11
2.8,1,-2.0,11
2.05,-1,0.0,11
1.867,-1,-2.0,11
1.533,1,2.0,11
1.566,1,2.0,11
5.701,1,-1.0,11
2.0,1,-1.0,11
2.584,-1,2.0,11
1.334,-1,-2.0,11
2.434,-1,0.0,11
1.834,1,2.0,11
1.717,1,-1.0,11
1.3,-1,-1.0,11
1.984,1,-2.0,11
1.466,-1,-2.0,11
2.967,1,0.0,11
2.301,-1,2.0,11
3.434,-1,0.0,11
1.833,1,1.0,11
3.833,1,-3.0,11
2.201,1,1.0,11
2.533,1,0.0,11
1.267,-1,-1.0,11
3.167,1,2.0,11
2.6,-1,0.0,11
1.884,1,0.0,11
1.534,-1,1.0,11
2.667,-1,2.0,11
2.467,-1,-1.0,11
5.334,-1,-3.0,11
1.267,-1,-3.0,11
2.717,1,-2.0,11
1.451,-1,0.0,11
1.183,1,3.0,11
1.8,-1,-1.0,11
1.267,1,2.0,11
1.05,1,1.0,11
2.333,-1,-1.0,11
1.467,-1,-3.0,11
1.701,-1,0.0,11
2.533,1,-1.0,11
3.55,-1,1.0,11
2.267,1,-1.0,11
1.217,1,3.0,11
1.234,-1,-2.0,11
1.117,1,2.0,11
1.534,1,0.0,11
1.166,1,2.0,11
1.801,1,0.0,11
3.617,-1,-1.0,11
3.433,-1,1.0,11
1.151,-1,-2.0,11
2.417,1,2.0,11
1.2,1,2.0,11
1.517,-1,0.0,11
3.384,-1,3.0,11
2.201,-1,0.0,11
1.383,-1,2.0,11
1.651,-1,-1.0,11
2.467,1,0.0,11
3.867,-1,-2.0,11
1.8,1,1.0,11
2.184,1,3.0,11
1.967,-1,0.0,11
1.317,-1,-2.0,11
2.884,-1,0.0,11
2.717,1,1.0,11
3.384,-1,0.0,11
1.483,1,0.0,11
1.817,1,2.0,11
1.751,1,-1.0,11
1.2,-1,1.0,11
1.367,1,3.0,11
1.517,-1,0.0,11
2.383,-1,-2.0,11
1.85,1,-2.0,11
3.017,-1,0.0,11
2.117,1,-1.0,11
3.5,1,2.0,11
1.417,1,3.0,11
1.35,-1,-2.0,11
1.1,1,0.0,11
1.3,-1,0.0,11
1.317,1,3.0,11
3.067,1,0.0,11
1.183,1,-3.0,11
1.534,-1,1.0,11
1.767,1,3.0,11
1.517,-1,1.0,11
1.217,-1,-3.0,11
4.417,-1,2.0,11
1.434,-1,1.0,11
2.45,-1,0.0,11
1.85,1,3.0,11
1.433,-1,3.0,11
1.184,-1,2.0,11
1.984,-1,-3.0,11
1.267,-1,-2.0,11
5.283,1,1.0,11
2.451,-1,1.0,11
2.301,1,2.0,11
1.633,1,0.0,11
1.784,1,-2.0,11
1.4,1,-1.0,11
1.517,1,-1.0,11
2.851,1,2.0,11
2.883,-1,-2.0,11
1.617,1,1.0,11
1.917,1,-3.0,11
1.584,1,3.0,11
1.65,1,3.0,11
1.517,1,-1.0,11
2.917,1,2.0,11
1.051,-1,-3.0,11
3.267,1,0.0,11
3.367,-1,0.0,11
1.816,1,1.0,11
2.233,1,1.0,11
1.817,-1,1.0,11
3.717,-1,1.0,11
2.65,-1,-2.0,11
1.334,1,-3.0,11
2.101,1,0.0,11
5.8,1,0.0,11
1.167,1,2.0,11
2.75,1,1.0,11
1.634,-1,-3.0,11
2.4,-1,-2.0,11
2.317,-1,-1.0,11
1.801,1,-1.0,12
2.75,1,0.0,12
1.967,1,0.0,12
1.501,-1,0.0,12
1.384,-1,-1.0,12
1.75,1,3.0,12
2.367,1,1.0,12
3.051,1,3.0,12
2.817,-1,-3.0,12
2.734,1,-1.0,12
1.4,1,2.0,12
4.017,1,0.0,12
1.7,-1,-2.0,12
5.834,1,0.0,12
1.816,1,1.0,12
1.117,1,3.0,12
1.7,1,2.0,12
1.534,1,1.0,12
4.084,1,2.0,12
1.567,-1,-1.0,12
1.783,1,1.0,12
3.034,-1,0.0,12
1.5,1,3.0,12
5.05,-1,-3.0,12
1.283,1,3.0,12
1.117,-1,-2.0,12
1.151,-1,0.0,12
1.4,-1,0.0,12
3.35,-1,1.0,12
1.234,-1,-2.0,12
0.984,-1,1.0,12
1.733,-1,-1.0,12
2.251,1,-1.0,12
2.2,1,-1.0,12
1.716,1,2.0,12
1.801,-1,-2.0,12
1.434,1,-1.0,12
1.134,-1,-3.0,12
1.333,-1,-3.0,12
0.833,-1,0.0,12
1.4,1,0.0,12
1.167,-1,-2.0,12
1.167,1,1.0,12
3.817,-1,-3.0,12
0.9,-1,0.0,12
1.45,1,3.0,12
1.533,1,1.0,12
2.4,-1,-3.0,12
2.134,1,-2.0,12
1.968,-1,-2.0,12
1.683,-1,2.0,12
0.784,-1,1.0,12
0.967,-1,1.0,12
2.133,1,0.0,12
1.7,1,1.0,12
1.45,1,2.0,12
1.8,1,2.0,12
1.684,1,2.0,12
0.784,-1,-1.0,12
1.817,-1,1.0,12
1.567,1,2.0,12
1.383,-1,1.0,12
3.267,1,-3.0,12
1.0,-1,-1.0,12
1.633,-1,0.0,12
1.233,1,3.0,12
1.65,1,0.0,12
1.0,1,0.0,12
2.65,-1,1.0,12
1.617,1,2.0,12
2.534,-1,0.0,12
1.317,-1,1.0,12
1.867,-1,-1.0,12
2.15,-1,0.0,12
1.684,1,3.0,12
1.65,1,3.0,12
2.317,-1,0.0,12
0.967,-1,-2.0,12
2.0,-1,-3.0,12
2.266,1,0.0,12
2.084,1,0.0,12
1.967,1,3.0,12
1.517,-1,-3.0,12
1.117,-1,0.0,12
0.9,1,0.0,12
1.283,-1,-2.0,12
2.45,1,2.0,12
1.6,1,-3.0,12
1.15,1,1.0,12
1.583,1,2.0,12
1.483,-1,3.0,12
1.434,1,1.0,12
1.117,1,0.0,12
1.383,1,-2.0,12
1.25,-1,-3.0,12
0.917,-1,1.0,12
1.1,1,1.0,12
1.433,-1,2.0,12
1.684,-1,3.0,12
1.417,1,0.0,12
1.617,-1,2.0,12
1.184,-1,-3.0,12
2.734,-1,0.0,12
1.25,-1,-1.0,12
1.2,-1,0.0,12
1.417,1,0.0,12
1.267,1,1.0,12
1.234,1,0.0,12
1.333,1,-1.0,12
1.617,1,0.0,12
1.833,1,2.0,12
0.85,1,2.0,12
1.65,1,0.0,12
1.034,1,0.0,12
2.434,-1,-3.0,12
1.6,-1,2.0,12
1.25,1,2.0,12
1.65,1,3.0,12
1.15,1,2.0,12
1.084,1,0.0,12
1.35,1,0.0,12
1.484,-1,-3.0,12
1.167,-1,-3.0,12
0.834,1,0.0,12
1.367,-1,-2.0,12
0.851,1,-1.0,12
1.683,-1,-1.0,12
0.784,1,2.0,12
1.167,1,1.0,12
1.55,-1,-2.0,12
1.267,1,3.0,12
1.184,-1,0.0,12
1.633,-1,0.0,12
1.267,1,0.0,12
1.067,-1,0.0,12
1.684,-1,0.0,12
0.867,1,1.0,12
0.784,-1,-1.0,12
0.901,1,0.0,12
2.1,1,0.0,12
1.267,1,3.0,12
0.95,1,1.0,12
1.0,-1,-1.0,12
1.383,1,3.0,12
1.833,-1,-1.0,12
1.183,-1,-1.0,12
3.034,-1,0.0,12
1.217,1,3.0,12
1.883,1,-2.0,12
1.283,-1,-2.0,12
0.951,-1,-3.0,12
1.967,-1,-2.0,12
2.15,-1,3.0,12
1.883,1,0.0,12
2.133,1,1.0,12
4.484,-1,-2.0,12
3.233,-1,-3.0,12
2.267,-1,0.0,12
0.967,-1,-2.0,12
1.283,1,2.0,12
2.317,-1,0.0,12
1.6,-1,-3.0,12
2.1,1,-2.0,12
1.767,1,-3.0,12
1.367,1,3.0,12
1.234,-1,3.0,12
1.017,1,0.0,12
1.134,1,-1.0,12
1.033,1,2.0,12
1.4,-1,-3.0,12
2.084,1,1.0,12
1.25,1,3.0,12
1.764,-1,2.0,13
1.734,-1,0.0,13
1.567,1,0.0,13
2.067,1,3.0,13
0.967,-1,0.0,13
1.217,-1,-3.0,13
1.433,-1,3.0,13
1.65,1,1.0,13
1.333,-1,-1.0,13
2.583,1,-2.0,13
1.367,1,0.0,13
2.184,-1,-2.0,13
2.884,-1,0.0,13
2.967,-1,-2.0,13
2.067,-1,-3.0,13
3.967,1,0.0,13
3.1,-1,-1.0,13
2.7,-1,-1.0,13
2.217,-1,-3.0,13
2.284,-1,2.0,13
2.6,1,-2.0,13
2.734,-1,-2.0,13
2.033,-1,-2.0,13
4.417,-1,0.0,13
3.4,1,-1.0,13
3.167,1,-2.0,13
3.451,1,1.0,13
1.2,1,-2.0,13
1.667,1,2.0,13
1.5,1,0.0,13
3.4,1,0.0,13
1.95,-1,0.0,13
2.734,1,-1.0,13
0.901,1,1.0,13
1.434,-1,-2.0,13
3.584,1,-2.0,13
2.95,1,0.0,13
2.083,-1,1.0,13
1.367,-1,0.0,13
1.75,1,-3.0,13
1.517,1,2.0,13
1.117,-1,-3.0,13
1.466,1,0.0,13
2.767,1,-1.0,13
2.267,-1,0.0,13
1.883,1,-2.0,13
1.567,1,1.0,13
1.634,1,1.0,13
0.816,-1,-2.0,13
3.084,1,0.0,13
1.217,1,2.0,13
2.3,1,2.0,13
1.934,-1,3.0,13
2.35,-1,0.0,13
1.4,1,-1.0,13
1.4,-1,1.0,13
1.384,1,2.0,13
2.017,-1,0.0,13
1.3,1,3.0,13
2.267,1,3.0,13
1.85,-1,1.0,13
1.15,1,-2.0,13
1.383,1,-2.0,13
1.75,-1,1.0,13
1.951,-1,0.0,13
1.484,1,-1.0,13
3.1,-1,-1.0,13
1.25,-1,-3.0,13
4.167,-1,-3.0,13
1.584,-1,-3.0,13
0.734,-1,2.0,13
1.95,-1,-1.0,13
1.317,-1,-2.0,13
2.417,-1,3.0,13
1.884,1,3.0,13
1.016,1,-1.0,13
1.167,1,0.0,13
2.467,-1,0.0,13
2.55,-1,-2.0,13
1.701,-1,1.0,13
1.584,1,0.0,13
1.817,1,-1.0,13
1.15,-1,-2.0,13
1.083,-1,-3.0,13
1.35,-1,-1.0,13
1.384,1,2.0,13
1.284,1,3.0,13
1.283,-1,0.0,13
1.05,-1,0.0,13
1.384,1,0.0,13
0.884,-1,0.0,13
1.434,-1,-3.0,13
1.3,-1,-1.0,13
1.134,1,3.0,13
3.384,-1,1.0,13
2.134,-1,2.0,13
2.816,-1,2.0,13
1.85,-1,-1.0,13
2.484,1,2.0,13
1.35,1,3.0,13
1.117,-1,3.0,13
2.517,-1,2.0,13
2.25,1,0.0,13
1.367,1,3.0,13
1.684,1,-3.0,13
1.05,1,-2.0,13
1.566,-1,-2.0,13
1.084,1,0.0,13
2.817,1,-2.0,13
0.783,1,1.0,13
0.817,1,-3.0,13
1.1,1,2.0,13
1.55,1,2.0,13
1.667,1,3.0,13
1.334,-1,0.0,13
1.617,1,0.0,13
3.2,-1,1.0,13
1.084,-1,3.0,13
2.4,-1,-1.0,13
1.534,1,-2.0,13
1.133,-1,0.0,13
0.817,-1,-3.0,13
1.467,-1,-2.0,13
2.317,-1,3.0,13
2.5,1,2.0,13
2.767,-1,-2.0,13
3.967,-1,2.0,13
1.3,1,2.0,13
1.183,-1,-3.0,13
1.35,1,2.0,13
1.633,1,1.0,13
1.45,1,0.0,13
1.851,-1,1.0,13
1.4,-1,-2.0,13
2.167,1,3.0,13
2.117,-1,-3.0,13
2.334,1,3.0,13
3.084,-1,-3.0,13
2.784,1,2.0,13
1.267,1,-2.0,13
1.6,-1,-2.0,13
1.934,-1,-2.0,13
1.533,1,0.0,13
4.133,1,-2.0,13
1.934,1,3.0,13
1.334,-1,-3.0,13
1.301,-1,3.0,13
1.5,-1,-3.0,13
1.184,-1,0.0,13
1.15,-1,-3.0,13
1.4,1,1.0,13
0.7,-1,-1.0,13
1.167,-1,-3.0,13
2.484,-1,2.0,13
1.084,1,3.0,13
5.117,-1,1.0,13
1.25,1,-1.0,13
1.117,1,-1.0,13
1.084,-1,-1.0,13
1.1,-1,0.0,13
1.033,-1,0.0,13
2.034,-1,-3.0,13
0.984,-1,0.0,13
0.783,-1,0.0,13
3.483,1,0.0,13
1.266,-1,-2.0,13
0.9,-1,-1.0,13
1.75,-1,0.0,13
1.517,1,2.0,13
1.017,-1,1.0,13
2.083,-1,-3.0,13
1.9,1,-1.0,13
1.95,1,1.0,13
1.533,-1,-1.0,13
4.5,1,0.0,13
1.851,-1,0.0,13
1.9,1,2.0,13
2.284,1,3.0,13
1.484,1,1.0,13
0.783,1,3.0,13
1.65,1,-1.0,13
3.084,-1,-3.0,13
1.451,1,-3.0,13
0.884,-1,-1.0,13
1.284,1,3.0,13
2.184,-1,-1.0,13
0.784,1,-1.0,13
1.75,-1,-3.0,13
1.317,-1,-1.0,13
1.084,-1,-2.0,13
2.25,1,0.0,13
0.783,-1,-1.0,13
1.583,1,3.0,13
1.101,-1,0.0,13
0.783,1,-1.0,13
1.233,1,1.0,13
1.933,1,3.0,13
1.383,-1,0.0,13
1.233,-1,-1.0,13
3.25,1,2.0,14
1.6,-1,-1.0,14
2.117,-1,0.0,14
2.417,-1,-1.0,14
1.384,-1,0.0,14
1.617,1,3.0,14
1.65,-1,1.0,14
1.767,1,2.0,14
2.95,-1,-3.0,14
1.183,-1,-2.0,14
1.567,1,-2.0,14
1.284,1,1.0,14
2.1,-1,1.0,14
1.233,1,0.0,14
1.45,1,0.0,14
2.417,1,0.0,14
2.5,1,0.0,14
1.384,1,3.0,14
1.0,1,0.0,14
2.05,-1,-2.0,14
0.917,1,3.0,14
1.884,-1,-2.0,14
1.15,1,2.0,14
1.034,1,2.0,14
2.184,-1,-1.0,14
1.767,1,1.0,14
1.683,-1,-2.0,14
1.301,-1,-2.0,14
1.584,-1,0.0,14
1.35,-1,2.0,14
1.101,-1,1.0,14
1.867,1,0.0,14
1.534,-1,-1.0,14
1.5,1,3.0,14
2.983,1,-1.0,14
1.417,-1,-2.0,14
1.9,-1,0.0,14
1.017,1,1.0,14
1.034,1,-1.0,14
0.85,1,1.0,14
1.167,-1,-2.0,14
1.2,-1,-2.0,14
1.35,-1,-2.0,14
1.983,-1,-2.0,14
1.467,-1,0.0,14
2.551,-1,0.0,14
2.033,-1,-1.0,14
1.234,-1,-1.0,14
1.616,-1,0.0,14
0.85,1,1.0,14
1.151,1,2.0,14
1.484,1,-1.0,14
1.217,1,0.0,14
2.417,-1,-2.0,14
2.266,-1,3.0,14
1.267,1,1.0,14
1.784,-1,2.0,14
0.933,1,2.0,14
3.6,1,0.0,14
1.234,1,1.0,14
1.934,1,-1.0,14
1.65,-1,-2.0,14
1.567,-1,-1.0,14
1.25,-1,-3.0,14
1.517,1,0.0,14
1.733,1,2.0,14
2.317,-1,2.0,14
1.934,1,2.0,14
2.766,1,3.0,14
1.433,-1,2.0,14
1.484,-1,-3.0,14
1.15,-1,-2.0,14
1.4,-1,0.0,14
1.684,-1,2.0,14
1.916,1,3.0,14
1.25,-1,-2.0,14
1.934,-1,1.0,14
1.434,-1,-1.0,14
1.3,1,-3.0,14
1.15,1,-3.0,14
1.351,-1,0.0,14
1.567,-1,0.0,14
0.9,-1,0.0,14
1.767,1,-1.0,14
1.534,1,1.0,14
2.2,-1,3.0,14
1.067,-1,0.0,14
1.501,-1,-2.0,14
3.734,-1,1.0,14
2.267,1,2.0,14
1.367,1,2.0,14
2.15,-1,-3.0,14
2.267,1,1.0,14
1.167,-1,-1.0,14
0.884,1,3.0,14
1.467,-1,-1.0,14
1.367,-1,0.0,14
1.283,-1,-1.0,14
1.2,-1,-2.0,14
1.317,1,1.0,14
1.201,-1,0.0,14
0.867,1,3.0,14
1.084,1,3.0,14
1.633,1,-1.0,14
2.967,1,-2.0,14
1.3,1,3.0,14
5.167,-1,-3.0,14
3.167,-1,1.0,14
1.0,-1,-1.0,14
0.85,1,-2.0,14
0.917,-1,0.0,14
0.95,1,2.0,14
0.933,-1,-3.0,14
1.5,1,2.0,14
2.567,-1,-2.0,14
1.317,-1,-1.0,14
1.15,-1,-2.0,14
1.901,-1,-1.0,14
1.1,1,2.0,14
1.383,-1,0.0,14
1.017,1,2.0,14
1.067,1,-2.0,14
1.35,-1,1.0,14
0.85,1,2.0,14
0.967,1,3.0,14
0.984,-1,0.0,14
1.001,-1,-3.0,14
0.634,1,3.0,14
1.984,-1,1.0,14
0.967,-1,-1.0,14
0.95,-1,-2.0,14
1.367,1,0.0,14
3.517,1,-1.0,14
1.7,1,-1.0,14
1.284,1,3.0,14
1.25,1,3.0,14
1.05,-1,-1.0,14
1.284,1,1.0,14
1.416,1,0.0,14
1.033,-1,-2.0,14
1.233,-1,-3.0,14
1.316,1,-1.0,14
1.334,-1,-2.0,14
1.2,1,-1.0,14
0.95,1,-2.0,14
1.117,1,2.0,14
1.65,-1,0.0,14
1.433,-1,1.0,14
1.316,1,3.0,14
1.117,-1,0.0,14
1.216,1,0.0,14
1.283,-1,0.0,14
1.417,-1,-2.0,14
1.117,1,3.0,14
1.167,-1,-3.0,14
1.051,-1,-3.0,14
0.866,1,2.0,14
0.966,1,3.0,14
3.417,-1,0.0,14
0.85,1,3.0,14
0.984,-1,-1.0,14
1.468,-1,-2.0,14
0.983,-1,-2.0,14
1.267,1,3.0,14
1.633,1,2.0,14
1.434,1,1.0,14
0.734,1,2.0,14
0.817,1,-3.0,14
1.384,1,-1.0,14
0.884,1,0.0,14
0.916,1,3.0,14
0.783,1,-1.0,14
0.684,1,3.0,14
1.084,-1,-3.0,14
1.05,1,-2.0,14
0.817,1,-1.0,14
1.366,1,1.0,14
1.384,-1,-2.0,14
1.267,-1,0.0,14
1.35,-1,0.0,14
1.034,-1,1.0,14
1.6,1,1.0,14
2.0,-1,-1.0,14
1.283,1,1.0,14
1.384,-1,0.0,14
1.183,-1,-2.0,14
0.883,1,0.0,14
1.533,-1,1.0,14
1.017,1,3.0,14
1.084,-1,-3.0,14
1.2,-1,0.0,14
1.4,1,1.0,14
1.166,1,-1.0,14
1.034,1,2.0,14
0.783,1,3.0,14
1.166,1,0.0,14
1.95,1,-3.0,14
1.25,-1,-2.0,14
1.217,-1,2.0,14
0.767,1,0.0,14
2.217,-1,0.0,15
1.317,1,3.0,15
1.384,1,0.0,15
4.501,1,0.0,15
1.551,-1,0.0,15
2.8,-1,0.0,15
2.734,1,0.0,15
1.183,1,0.0,15
1.267,1,0.0,15
4.034,1,0.0,15
3.167,-1,0.0,15
1.117,-1,0.0,15
1.75,1,1.0,15
1.8,-1,0.0,15
1.384,1,3.0,15
1.15,-1,0.0,15
1.051,-1,3.0,15
2.033,-1,2.0,15
1.317,-1,0.0,15
1.267,-1,3.0,15
1.267,-1,0.0,15
1.083,-1,0.0,15
1.833,-1,-3.0,15
4.05,-1,0.0,15
1.301,-1,0.0,15
1.367,1,2.0,15
1.983,-1,1.0,15
1.3,-1,-3.0,15
1.217,-1,-3.0,15
1.267,1,0.0,15
1.167,-1,3.0,15
1.1,-1,-1.0,15
2.116,1,1.0,15
0.817,-1,-3.0,15
0.934,-1,-3.0,15
0.817,-1,-3.0,15
1.717,1,0.0,15
0.917,1,0.0,15
1.4,1,1.0,15
1.417,-1,-3.0,15
1.167,1,0.0,15
1.267,-1,0.0,15
1.284,-1,-3.0,15
2.217,-1,1.0,15
0.95,-1,0.0,15
1.701,1,0.0,15
1.467,-1,-3.0,15
1.167,-1,-1.0,15
1.45,1,0.0,15
1.017,1,0.0,15
2.317,-1,-3.0,15
1.433,1,3.0,15
1.283,-1,-3.0,15
1.2,1,0.0,15
1.567,1,-1.0,15
1.367,-1,0.0,15
1.484,-1,0.0,15
2.1,1,3.0,15
1.15,-1,0.0,15
0.917,1,0.0,15
1.35,-1,-1.0,15
1.0,-1,3.0,15
0.867,1,0.0,15
2.267,-1,-1.0,15
1.983,-1,1.0,15
1.15,1,0.0,15
1.034,1,2.0,15
1.367,-1,0.0,15
1.017,1,-3.0,15
1.184,1,3.0,15
1.034,-1,-1.0,15
1.15,-1,-3.0,15
1.251,-1,-2.0,15
1.2,-1,0.0,15
0.9,1,1.0,15
2.234,1,0.0,15
1.184,-1,1.0,15
1.1,1,3.0,15
0.901,-1,0.0,15
1.2,1,0.0,15
1.217,1,1.0,15
1.033,1,0.0,15
1.017,1,0.0,15
1.35,-1,-3.0,15
1.0,1,3.0,15
1.35,-1,-2.0,15
0.983,1,1.0,15
0.917,-1,0.0,15
1.166,1,-3.0,15
0.983,1,3.0,15
1.384,1,-1.0,15
4.184,1,-1.0,15
2.783,-1,0.0,15
3.217,1,0.0,15
1.151,-1,2.0,15
1.167,-1,1.0,15
1.05,-1,0.0,15
1.667,1,0.0,15
2.101,-1,0.0,15
1.116,-1,1.0,15
3.133,1,2.0,15
2.983,1,2.0,15
0.933,-1,-1.0,15
0.884,-1,0.0,15
1.283,1,-3.0,15
1.25,1,2.0,15
1.15,-1,0.0,15
0.75,-1,0.0,15
1.15,1,0.0,15
1.166,-1,0.0,15
0.734,-1,0.0,15
1.684,-1,0.0,15
1.017,-1,-1.0,15
1.0,1,3.0,15
1.1,1,3.0,15
1.017,1,0.0,15
1.283,1,0.0,15
0.851,1,0.0,15
1.2,1,0.0,15
0.917,1,2.0,15
1.0,1,0.0,15
0.984,1,0.0,15
1.117,-1,-1.0,15
0.967,1,-2.0,15
1.167,1,0.0,15
1.05,1,0.0,15
0.85,-1,2.0,15
1.301,-1,0.0,15
1.066,-1,0.0,15
1.25,-1,3.0,15
1.2,1,2.0,15
1.75,-1,2.0,15
1.15,1,3.0,15
1.45,-1,0.0,15
1.617,1,0.0,15
1.134,1,0.0,15
1.584,-1,0.0,15
1.733,1,-1.0,15
1.25,1,1.0,15
0.766,1,0.0,15
1.167,1,2.0,15
1.4,-1,-3.0,15
0.817,-1,0.0,15
1.35,-1,-1.0,15
0.75,-1,0.0,15
1.15,-1,-3.0,15
1.133,1,-3.0,15
0.783,-1,-3.0,15
0.734,1,2.0,15
1.117,-1,0.0,15
0.817,1,3.0,15
1.083,1,1.0,15
0.851,-1,0.0,15
0.933,-1,0.0,15
0.867,1,0.0,15
0.9,-1,1.0,15
1.85,-1,0.0,15
0.717,1,0.0,15
1.034,-1,0.0,15
1.767,1,0.0,15
1.084,1,1.0,15
2.233,-1,0.0,15
1.783,-1,-3.0,15
1.067,-1,0.0,15
0.934,1,0.0,15
1.901,-1,0.0,15
0.834,1,3.0,15
1.183,-1,-1.0,15
0.867,-1,0.0,15
1.201,-1,-3.0,15
1.05,1,3.0,15
0.8,1,0.0,15
1.134,-1,-2.0,15
1.0,-1,0.0,15
1.0,1,0.0,15
0.984,1,1.0,15
0.95,1,3.0,15
0.634,1,-3.0,15
2.75,1,3.0,15
1.233,-1,0.0,15
0.717,-1,0.0,15
0.884,1,0.0,15
1.617,-1,0.0,15
0.934,1,0.0,15
0.833,1,2.0,15
0.816,1,0.0,15
0.8,-1,2.0,15
0.65,1,0.0,15
1.401,-1,-2.0,15
1.101,1,0.0,15
0.883,-1,-1.0,15
1.1,1,3.0,15
2.384,1,2.0,16
4.383,-1,0.0,16
4.367,1,-2.0,16
1.717,-1,-3.0,16
2.966,-1,1.0,16
2.833,-1,0.0,16
5.533,-1,0.0,16
4.584,1,0.0,16
2.433,-1,2.0,16
3.134,-1,-2.0,16
3.867,-1,0.0,16
2.434,-1,0.0,16
1.65,1,3.0,16
2.101,-1,1.0,16
1.734,-1,-3.0,16
2.301,-1,-2.0,16
3.467,-1,1.0,16
3.851,1,3.0,16
4.1,-1,0.0,16
1.534,1,3.0,16
3.867,1,0.0,16
1.4,-1,-3.0,16
3.467,1,0.0,16
5.917,1,1.0,16
3.4,1,1.0,16
2.584,1,1.0,16
3.15,1,-2.0,16
1.867,1,2.0,16
2.417,1,0.0,16
1.117,1,1.0,16
3.667,1,0.0,16
4.617,-1,0.0,16
1.667,-1,-1.0,16
2.067,-1,-3.0,16
1.5,-1,-1.0,16
1.35,1,0.0,16
1.984,1,2.0,16
4.384,1,2.0,16
2.166,-1,-3.0,16
2.084,1,2.0,16
1.85,-1,0.0,16
3.617,1,1.0,16
3.017,1,1.0,16
1.434,-1,-2.0,16
1.517,-1,-2.0,16
4.15,1,-1.0,16
2.183,-1,-2.0,16
5.334,1,-2.0,16
1.434,1,2.0,16
2.75,-1,-3.0,16
1.584,-1,-2.0,16
4.134,-1,0.0,16
1.301,-1,-3.0,16
2.217,1,-2.0,16
1.933,1,2.0,16
3.2,1,3.0,16
2.934,-1,0.0,16
1.6,-1,-1.0,16
2.784,-1,0.0,16
2.584,1,0.0,16
1.15,-1,-2.0,16
2.4,1,2.0,16
2.0,-1,-1.0,16
2.283,1,2.0,16
1.9,1,3.0,16
2.101,-1,-3.0,16
2.434,-1,-1.0,16
5.717,-1,0.0,16
2.517,1,3.0,16
1.35,1,2.0,16
2.883,1,3.0,16
1.684,-1,-2.0,16
3.8,-1,2.0,16
1.5,-1,-3.0,16
1.283,1,2.0,16
3.317,-1,-2.0,16
4.55,-1,0.0,16
1.617,-1,-1.0,16
3.767,1,-3.0,16
2.717,-1,-1.0,16
1.334,-1,-1.0,16
2.717,-1,-3.0,16
2.1,-1,2.0,16
1.234,1,1.0,16
2.1,-1,-2.0,16
1.2,1,2.0,16
4.483,-1,1.0,16
2.717,-1,1.0,16
2.684,1,1.0,16
1.817,-1,-3.0,16
4.95,-1,-1.0,16
2.067,-1,-3.0,16
2.834,-1,-2.0,16
2.401,-1,1.0,16
1.25,-1,-3.0,16
2.367,-1,2.0,16
1.55,1,-1.0,16
1.967,1,1.0,16
1.434,-1,-1.0,16
2.917,-1,0.0,16
2.1,1,-1.0,16
1.4,1,1.0,16
1.717,1,0.0,16
5.617,-1,-1.0,16
1.717,-1,-3.0,16
4.55,-1,3.0,16
1.417,-1,0.0,16
1.95,-1,2.0,16
1.684,-1,-1.0,16
1.301,1,2.0,16
2.783,1,1.0,16
4.067,-1,3.0,16
1.567,-1,-2.0,16
4.216,-1,1.0,16
2.35,1,2.0,16
3.783,-1,-1.0,16
1.567,-1,3.0,16
3.084,1,-2.0,16
1.7,1,2.0,16
4.7,-1,2.0,16
1.717,-1,-2.0,16
5.233,-1,-3.0,16
2.551,-1,-1.0,16
1.284,-1,-3.0,16
5.517,1,-1.0,16
4.95,-1,0.0,16
1.434,-1,-2.0,16
1.267,1,3.0,16
1.9,1,1.0,16
1.234,1,1.0,16
1.3,1,2.0,16
1.2,-1,-3.0,16
4.284,-1,0.0,16
2.2,1,3.0,16
3.1,-1,0.0,16
2.017,1,-3.0,16
2.1,-1,-3.0,16
2.284,1,0.0,16
1.467,-1,-1.0,16
1.433,-1,-1.0,16
4.583,1,0.0,16
1.65,-1,3.0,16
2.816,1,0.0,16
1.567,-1,0.0,16
2.017,1,2.0,16
1.517,-1,-1.0,16
2.517,1,2.0,16
1.117,1,3.0,16
2.917,-1,0.0,16
1.15,1,3.0,16
4.401,-1,-3.0,16
4.4,1,2.0,16
1.05,1,2.0,16
2.1,-1,-2.0,16
2.051,-1,-2.0,16
2.117,-1,0.0,16
1.966,-1,-2.0,16
4.617,-1,2.0,16
1.616,-1,0.0,16
1.717,1,0.0,16
4.4,1,1.0,16
1.35,1,2.0,16
2.45,1,0.0,16
4.9,1,3.0,16
1.817,1,0.0,16
1.65,1,3.0,16
2.617,-1,1.0,16
1.217,1,2.0,16
1.467,1,-1.0,16
4.951,1,3.0,16
1.034,1,-1.0,16
4.667,-1,0.0,16
1.317,1,2.0,16
3.567,-1,3.0,16
1.25,1,0.0,16
1.434,-1,-1.0,16
3.767,1,0.0,16
1.217,1,3.0,16
1.5,1,3.0,16
3.55,-1,1.0,16
2.35,-1,-1.0,16
2.651,-1,-3.0,16
4.366,-1,-1.0,16
1.217,1,1.0,16
3.484,-1,0.0,16
1.633,-1,2.0,16
1.684,1,1.0,16
1.983,-1,0.0,16
2.414,1,3.0,17
2.966,-1,2.0,17
1.767,-1,-1.0,17
3.134,-1,0.0,17
4.866,1,2.0,17
3.45,1,0.0,17
2.767,-1,-3.0,17
5.084,-1,-1.0,17
4.534,1,2.0,17
1.4,1,3.0,17
1.8,1,2.0,17
3.25,-1,-3.0,17
2.567,1,3.0,17
2.117,1,1.0,17
3.167,-1,-1.0,17
5.167,-1,3.0,17
5.067,1,0.0,17
1.717,1,0.0,17
3.617,-1,0.0,17
3.4,-1,0.0,17
2.9,1,1.0,17
1.5,-1,-3.0,17
4.067,-1,-1.0,17
4.684,-1,-1.0,17
1.384,1,2.0,17
3.834,-1,0.0,17
1.45,-1,0.0,17
2.034,1,2.0,17
3.001,1,2.0,17
4.017,-1,-1.0,17
1.967,1,2.0,17
4.233,1,1.0,17
2.134,1,3.0,17
2.367,-1,-1.0,17
2.434,-1,0.0,17
4.451,-1,2.0,17
1.1,1,1.0,17
2.75,-1,-2.0,17
3.234,-1,0.0,17
4.551,1,-1.0,17
2.35,-1,-3.0,17
2.717,1,2.0,17
4.234,-1,0.0,17
2.601,-1,-2.0,17
1.467,1,3.0,17
2.384,1,2.0,17
1.5,-1,3.0,17
4.284,-1,0.0,17
1.484,-1,-1.0,17
4.083,1,3.0,17
4.934,-1,0.0,17
2.817,-1,0.0,17
2.25,-1,-1.0,17
1.95,-1,-2.0,17
1.733,-1,-1.0,17
2.35,-1,0.0,17
3.766,1,0.0,17
4.183,-1,0.0,17
2.65,1,-1.0,17
3.767,-1,-3.0,17
1.5,1,1.0,17
2.667,-1,-1.0,17
1.783,1,3.0,17
2.85,1,3.0,17
1.8,1,1.0,17
2.35,-1,2.0,17
4.15,-1,-1.0,17
3.384,-1,-3.0,17
5.6,-1,-3.0,17
4.233,-1,2.0,17
1.217,1,3.0,17
0.917,1,1.0,17
3.067,-1,1.0,17
3.417,1,1.0,17
1.284,1,2.0,17
2.233,-1,-2.0,17
2.684,-1,-2.0,17
2.95,1,0.0,17
4.267,-1,-1.0,17
1.8,1,2.0,17
2.534,1,1.0,17
2.75,-1,-2.0,17
1.95,1,0.0,17
2.034,-1,-1.0,17
3.083,1,-1.0,17
1.917,1,3.0,17
4.701,-1,0.0,17
4.533,-1,0.0,17
2.134,-1,0.0,17
2.334,-1,-2.0,17
1.817,1,2.0,17
1.2,1,2.0,17
1.283,-1,-3.0,17
3.25,-1,0.0,17
3.65,-1,-2.0,17
4.951,1,0.0,17
3.084,-1,-3.0,17
1.65,-1,-3.0,17
1.984,-1,-2.0,17
2.367,-1,-2.0,17
1.55,-1,-3.0,17
1.85,-1,-3.0,17
1.95,-1,-2.0,17
3.467,1,3.0,17
3.166,1,-3.0,17
1.75,-1,-2.0,17
2.634,1,3.0,17
1.467,1,3.0,17
2.0,1,2.0,17
3.167,1,1.0,17
3.517,-1,-3.0,17
1.717,1,3.0,17
5.967,-1,-1.0,17
4.333,1,1.0,17
1.234,-1,-3.0,17
1.45,-1,-2.0,17
1.55,-1,-1.0,17
4.033,1,0.0,17
2.0,-1,-3.0,17
5.8,1,0.0,17
3.401,1,0.0,17
2.617,-1,0.0,17
1.567,-1,-2.0,17
0.983,1,3.0,17
1.334,-1,-3.0,17
3.283,-1,0.0,17
2.367,-1,-2.0,17
5.933,1,2.0,17
1.867,-1,-2.0,17
5.166,1,3.0,17
2.934,-1,0.0,17
3.284,-1,0.0,17
2.0,-1,-1.0,17
2.6,1,0.0,17
3.801,-1,-1.0,17
1.966,1,3.0,17
1.584,-1,-1.0,17
2.317,1,-2.0,17
5.2,1,3.0,17
2.2,-1,-2.0,17
2.6,-1,-1.0,17
1.633,1,2.0,17
4.167,-1,1.0,17
1.9,1,2.0,17
2.0,1,2.0,17
1.7,1,0.0,17
2.65,-1,-3.0,17
2.834,-1,-1.0,17
1.433,1,2.0,17
1.617,1,0.0,17
1.3,1,2.0,17
2.167,-1,-3.0,17
1.217,-1,-2.0,17
2.85,1,3.0,17
2.001,1,2.0,17
1.283,1,1.0,17
2.217,-1,-2.0,17
1.734,1,-1.0,17
2.034,-1,-3.0,17
3.167,-1,-2.0,17
3.4,1,0.0,17
3.617,1,0.0,17
1.3,1,3.0,17
1.401,-1,-2.0,17
1.25,-1,-2.0,17
1.217,1,0.0,17
1.667,1,3.0,17
4.184,1,1.0,17
3.134,1,1.0,17
1.4,1,1.0,17
2.283,-1,-3.0,17
2.0,-1,-2.0,17
1.317,1,2.0,17
3.234,1,-1.0,17
2.034,-1,-2.0,18
1.817,-1,-2.0,18
1.484,1,3.0,18
1.617,1,3.0,18
1.6,1,3.0,18
1.233,1,2.0,18
1.217,-1,0.0,18
1.117,1,1.0,18
1.116,1,2.0,18
1.334,-1,-1.0,18
1.8,1,0.0,18
1.633,1,2.0,18
1.401,-1,-1.0,18
1.817,1,3.0,18
1.45,1,0.0,18
2.484,1,1.0,18
1.05,1,2.0,18
1.333,1,3.0,18
1.017,1,2.0,18
2.45,1,0.0,18
1.6,-1,-1.0,18
1.183,-1,-1.0,18
1.317,-1,-2.0,18
1.133,-1,-2.0,18
1.6,-1,0.0,18
1.601,1,0.0,18
1.184,1,1.0,18
1.083,1,1.0,18
1.101,1,0.0,18
1.317,1,0.0,18
1.284,-1,-1.0,18
1.35,-1,-3.0,18
1.067,1,3.0,18
1.1,-1,-3.0,18
1.584,-1,-2.0,18
1.417,1,0.0,18
1.367,-1,-1.0,18
1.783,1,2.0,18
1.483,-1,-3.0,18
1.667,-1,1.0,18
2.034,1,2.0,18
1.7,-1,-2.0,18
0.967,1,3.0,18
1.633,1,1.0,18
1.317,-1,-2.0,18
2.016,1,0.0,18
1.533,-1,-3.0,18
1.017,-1,-3.0,18
1.35,1,3.0,18
1.45,1,1.0,18
1.684,-1,-1.0,18
1.967,1,3.0,18
1.251,-1,-3.0,18
1.3,1,1.0,18
1.65,1,3.0,18
1.267,-1,-2.0,18
1.483,1,1.0,18
1.533,-1,-3.0,18
0.817,-1,0.0,18
2.134,-1,-2.0,18
1.067,1,3.0,18
1.317,1,1.0,18
1.5,-1,-1.0,18
1.367,-1,-1.0,18
1.134,-1,0.0,18
1.267,1,3.0,18
0.8,-1,-1.0,18
0.95,-1,0.0,18
1.217,-1,-2.0,18
2.1,-1,2.0,18
1.25,-1,-1.0,18
1.1,1,3.0,18
1.367,-1,1.0,18
1.484,1,1.0,18
1.15,1,2.0,18
1.65,-1,0.0,18
1.05,1,1.0,18
1.083,1,2.0,18
1.083,1,1.0,18
0.867,-1,-2.0,18
0.9,-1,-2.0,18
0.883,-1,-3.0,18
2.1,1,1.0,18
1.217,1,2.0,18
1.767,-1,1.0,18
1.017,1,0.0,18
1.151,1,2.0,18
1.484,1,1.0,18
1.184,-1,0.0,18
1.167,1,2.0,18
1.834,-1,2.0,18
1.334,-1,-3.0,18
1.083,-1,-3.0,18
1.033,-1,-1.0,18
2.034,-1,0.0,18
1.234,-1,-3.0,18
1.134,-1,-3.0,18
1.734,1,1.0,18
0.984,1,3.0,18
1.15,1,-1.0,18
0.95,1,1.0,18
1.083,1,1.0,18
1.083,1,2.0,18
2.083,-1,0.0,18
2.416,1,-3.0,18
0.984,1,2.0,18
1.284,-1,-3.0,18
1.2,1,2.0,18
0.783,-1,-3.0,18
2.267,1,1.0,18
2.483,1,0.0,18
1.267,1,3.0,18
1.2,1,2.0,18
1.584,-1,0.0,18
1.067,-1,-2.0,18
1.083,-1,0.0,18
1.433,-1,1.0,18
2.034,1,1.0,18
1.267,-1,-2.0,18
1.234,1,0.0,18
1.0,-1,0.0,18
1.534,1,0.0,18
1.201,1,1.0,18
0.983,-1,-3.0,18
0.933,-1,-3.0,18
1.217,1,1.0,18
1.084,1,2.0,18
1.317,-1,0.0,18
1.45,-1,-2.0,18
0.95,1,3.0,18
1.734,1,0.0,18
1.733,1,1.0,18
0.984,-1,-2.0,18
1.184,1,1.0,18
1.75,-1,1.0,18
1.267,-1,-2.0,18
1.267,-1,1.0,18
1.5,1,0.0,18
1.217,-1,-3.0,18
1.15,-1,1.0,18
1.3,1,0.0,18
1.517,1,1.0,18
1.4,-1,-2.0,18
1.133,-1,0.0,18
1.467,1,-2.0,18
0.817,-1,0.0,18
1.75,1,2.0,18
1.516,1,0.0,18
1.217,-1,1.0,18
0.951,1,3.0,18
1.117,1,3.0,18
1.083,-1,-3.0,18
1.55,-1,0.0,18
2.05,1,0.0,18
1.666,-1,-3.0,18
1.184,1,-1.0,18
1.15,-1,-3.0,18
2.051,1,0.0,18
1.334,-1,-3.0,18
1.367,-1,-1.0,18
1.217,-1,0.0,18
1.317,1,2.0,18
1.067,1,3.0,18
1.017,1,2.0,18
1.433,-1,1.0,18
1.017,1,0.0,18
0.967,-1,-1.0,18
1.55,1,0.0,18
2.484,-1,1.0,18
1.717,-1,0.0,18
1.617,-1,1.0,18
1.4,-1,0.0,18
1.767,-1,-2.0,18
1.234,-1,-3.0,18
1.784,-1,1.0,18
1.6,1,2.0,18
0.8,-1,-2.0,18
1.334,-1,-2.0,18
1.05,-1,0.0,18
1.033,-1,-3.0,18
1.167,1,1.0,18
1.25,1,1.0,18
1.451,1,-1.0,18
1.284,-1,-3.0,18
1.084,-1,-3.0,18
1.684,1,0.0,18
1.184,1,3.0,19
1.3,1,0.0,19
1.167,1,2.0,19
1.551,-1,-2.0,19
2.984,1,1.0,19
3.484,-1,0.0,19
1.566,1,2.0,19
1.584,1,2.0,19
1.717,-1,-2.0,19
1.983,1,0.0,19
3.6,-1,0.0,19
2.617,1,0.0,19
3.834,1,2.0,19
1.7,-1,-1.0,19
1.367,1,0.0,19
4.117,1,1.0,19
3.434,1,3.0,19
1.617,-1,-1.0,19
1.984,1,2.0,19
5.6,1,-2.0,19
1.267,1,1.0,19
1.6,-1,-1.0,19
1.384,1,2.0,19
2.534,1,3.0,19
3.134,-1,-1.0,19
1.117,-1,-2.0,19
1.1,1,0.0,19
3.333,1,2.0,19
2.55,-1,-2.0,19
1.75,-1,0.0,19
3.75,1,0.0,19
1.3,-1,-2.0,19
1.167,1,3.0,19
2.15,-1,0.0,19
3.217,-1,-3.0,19
2.751,-1,0.0,19
1.25,-1,-2.0,19
1.884,-1,-1.0,19
1.367,-1,-3.0,19
1.867,-1,-1.0,19
1.901,-1,-2.0,19
2.117,1,-1.0,19
1.584,-1,-1.0,19
1.083,1,0.0,19
2.0,-1,-3.0,19
3.0,-1,1.0,19
1.75,1,2.0,19
2.05,1,3.0,19
1.583,-1,0.0,19
1.283,1,1.0,19
1.783,1,1.0,19
1.317,1,2.0,19
0.966,1,2.0,19
1.417,-1,-3.0,19
1.267,-1,-2.0,19
1.067,-1,1.0,19
1.183,1,1.0,19
1.8,1,0.0,19
1.934,1,3.0,19
1.5,-1,-3.0,19
2.067,-1,1.0,19
0.95,1,-1.0,19
2.867,-1,-2.0,19
1.55,1,-2.0,19
3.634,-1,-3.0,19
1.4,-1,-3.0,19
1.883,1,-3.0,19
2.95,1,3.0,19
3.1,-1,-3.0,19
1.984,1,2.0,19
1.901,-1,-3.0,19
2.101,-1,-3.0,19
1.167,-1,1.0,19
1.567,1,0.0,19
1.383,1,0.0,19
1.467,1,2.0,19
1.7,1,1.0,19
3.334,1,0.0,19
1.417,1,0.0,19
1.45,1,2.0,19
1.35,1,1.0,19
1.566,-1,-3.0,19
1.833,1,-1.0,19
2.283,1,-1.0,19
1.217,-1,-3.0,19
1.283,1,1.0,19
1.9,1,3.0,19
1.2,1,2.0,19
1.334,-1,-3.0,19
1.317,1,3.0,19
1.034,-1,-2.0,19
1.8,-1,-1.0,19
1.9,-1,2.0,19
1.55,-1,-3.0,19
5.917,-1,-2.0,19
1.301,1,3.0,19
1.166,-1,-1.0,19
1.767,-1,-1.0,19
1.534,1,0.0,19
1.0,-1,0.0,19
2.8,-1,0.0,19
0.717,-1,-3.0,19
1.151,-1,0.0,19
4.717,1,1.0,19
1.267,1,2.0,19
1.467,1,1.0,19
1.834,1,3.0,19
3.15,1,0.0,19
3.084,1,3.0,19
1.867,-1,-1.0,19
3.783,1,1.0,19
2.05,-1,-3.0,19
1.65,-1,2.0,19
2.75,-1,0.0,19
0.784,1,3.0,19
1.616,-1,0.0,19
0.883,1,-1.0,19
1.466,1,0.0,19
1.617,1,0.0,19
2.1,1,3.0,19
3.017,1,0.0,19
1.8,-1,-1.0,19
1.251,-1,0.0,19
1.45,-1,0.0,19
2.567,-1,3.0,19
0.8,-1,-2.0,19
2.334,1,0.0,19
1.317,1,1.0,19
1.784,1,0.0,19
1.467,1,2.0,19
2.067,1,0.0,19
0.817,-1,0.0,19
1.1,-1,0.0,19
1.001,1,-1.0,19
1.15,1,2.0,19
1.25,1,3.0,19
1.217,-1,-2.0,19
1.417,-1,-1.0,19
1.833,1,0.0,19
1.6,1,0.0,19
2.267,-1,-1.0,19
1.817,1,2.0,19
1.283,-1,-1.0,19
2.0,-1,-1.0,19
1.001,1,0.0,19
1.1,1,0.0,19
1.667,1,2.0,19
1.283,-1,0.0,19
1.35,-1,-3.0,19
2.1,-1,2.0,19
0.901,-1,-3.0,19
1.65,1,3.0,19
1.034,1,2.0,19
3.351,1,1.0,19
1.717,1,-1.0,19
1.25,1,0.0,19
1.3,1,3.0,19
1.117,1,-1.0,19
1.166,-1,-2.0,19
1.267,-1,2.0,19
1.333,1,2.0,19
1.35,-1,-3.0,19
1.317,1,2.0,19
1.934,-1,0.0,19
1.35,-1,-3.0,19
1.233,-1,-2.0,19
2.234,1,-1.0,19
1.116,-1,-2.0,19
0.851,1,1.0,19
1.4,-1,-1.0,19
1.116,-1,-3.0,19
1.017,1,1.0,19
1.35,1,1.0,19
0.8,1,2.0,19
1.016,1,3.0,19
2.467,1,1.0,19
1.784,-1,0.0,19
1.233,1,1.0,19
2.1,-1,-3.0,19
1.684,-1,0.0,19
1.4,1,2.0,19
1.501,1,2.0,19
1.584,-1,-2.0,19
2.801,-1,-2.0,19
2.85,1,3.0,19
1.55,-1,-2.0,19
3.534,-1,-3.0,19
1.767,-1,1.0,19
4.567,1,-2.0,19
1.016,-1,-3.0,19
1.133,-1,-2.0,19
0.833,1,3.0,19
0.784,1,3.0,19
0.851,1,-3.0,19
0.984,1,3.0,19
2.016,1,-1.0,19
2.067,-1,2.0,20
1.301,1,-1.0,20
1.867,-1,-1.0,20
2.6,1,-3.0,20
2.634,-1,-2.0,20
2.1,1,-1.0,20
2.516,-1,-3.0,20
1.95,-1,-2.0,20
1.617,1,3.0,20
1.65,1,0.0,20
1.1,1,2.0,20
2.534,-1,-1.0,20
1.883,-1,-2.0,20
0.866,1,3.0,20
3.017,1,0.0,20
1.334,-1,0.0,20
1.666,-1,0.0,20
2.484,1,0.0,20
1.684,-1,-1.0,20
2.3,-1,-2.0,20
2.367,-1,-1.0,20
1.634,-1,-3.0,20
2.867,1,3.0,20
3.95,-1,0.0,20
1.634,-1,-1.0,20
1.75,-1,0.0,20
2.567,1,1.0,20
1.184,1,1.0,20
1.45,-1,-1.0,20
1.35,-1,-3.0,20
3.767,1,0.0,20
1.25,1,-2.0,20
1.316,-1,0.0,20
5.033,1,1.0,20
1.868,1,3.0,20
4.267,-1,0.0,20
2.734,-1,-2.0,20
1.05,1,3.0,20
1.85,-1,-2.0,20
1.283,-1,0.0,20
4.317,1,1.0,20
5.417,1,3.0,20
1.9,1,1.0,20
2.267,1,0.0,20
3.284,1,3.0,20
2.25,1,-1.0,20
1.417,-1,-1.0,20
1.734,1,1.0,20
1.917,-1,0.0,20
1.717,1,1.0,20
0.733,1,3.0,20
1.084,1,3.0,20
1.466,-1,-1.0,20
1.234,1,3.0,20
3.067,1,0.0,20
3.35,1,2.0,20
1.967,1,0.0,20
2.167,-1,-3.0,20
2.317,-1,0.0,20
1.617,1,3.0,20
1.534,1,1.0,20
3.517,-1,0.0,20
1.834,-1,-2.0,20
2.467,1,-3.0,20
1.417,1,0.0,20
1.9,-1,-3.0,20
1.167,1,1.0,20
1.251,1,0.0,20
2.034,1,0.0,20
1.8,1,-2.0,20
1.1,-1,-3.0,20
1.467,1,2.0,20
2.233,1,0.0,20
2.733,-1,2.0,20
0.766,1,2.0,20
1.934,-1,-1.0,20
1.417,1,1.0,20
1.551,-1,0.0,20
1.417,1,3.0,20
1.234,1,2.0,20
2.084,-1,-2.0,20
1.867,-1,3.0,20
1.984,-1,-3.0,20
1.651,-1,-1.0,20
1.067,-1,1.0,20
1.783,1,3.0,20
1.95,1,1.0,20
2.65,-1,1.0,20
5.05,-1,1.0,20
0.934,1,1.0,20
1.833,-1,1.0,20
1.717,1,1.0,20
1.284,-1,-1.0,20
1.7,1,0.0,20
1.134,1,3.0,20
1.433,-1,-3.0,20
1.117,1,0.0,20
1.634,-1,-3.0,20
1.117,1,0.0,20
4.55,-1,-1.0,20
2.067,1,2.0,20
1.45,-1,2.0,20
1.4,1,2.0,20
1.65,-1,-2.0,20
1.433,1,2.0,20
1.033,1,-3.0,20
2.067,1,0.0,20
0.817,1,-2.0,20
2.0,1,-1.0,20
2.733,1,0.0,20
1.817,-1,0.0,20
1.534,1,1.0,20
2.117,1,-3.0,20
1.55,1,0.0,20
1.1,1,3.0,20
2.717,-1,0.0,20
2.65,1,1.0,20
2.684,1,3.0,20
1.767,-1,-2.0,20
1.083,1,1.0,20
5.267,-1,1.0,20
1.883,1,2.0,20
0.851,1,0.0,20
2.0,-1,-3.0,20
1.733,-1,-2.0,20
1.7,-1,-1.0,20
2.367,-1,-1.0,20
1.267,1,3.0,20
1.101,1,-1.0,20
1.167,1,2.0,20
3.95,1,2.0,20
0.917,1,0.0,20
5.483,-1,1.0,20
1.45,-1,-1.0,20
3.367,-1,-2.0,20
1.784,1,0.0,20
1.384,-1,1.0,20
1.017,1,2.0,20
3.701,1,3.0,20
1.267,-1,-3.0,20
5.15,-1,-1.0,20
0.851,-1,-1.0,20
2.051,1,3.0,20
1.8,1,-3.0,20
2.351,-1,-3.0,20
1.216,-1,-3.0,20
0.984,-1,2.0,20
1.383,1,2.0,20
1.1,1,2.0,20
1.65,-1,-3.0,20
1.166,-1,2.0,20
1.95,-1,0.0,20
1.333,1,-2.0,20
1.417,1,0.0,20
2.317,1,3.0,20
1.284,1,3.0,20
1.217,-1,-2.0,20
1.817,-1,-1.0,20
4.867,-1,2.0,20
1.8,1,-3.0,20
2.65,-1,3.0,20
0.95,1,1.0,20
3.05,-1,0.0,20
1.417,1,-3.0,20
2.767,-1,-3.0,20
1.484,-1,-2.0,20
1.584,-1,-3.0,20
0.934,-1,-2.0,20
1.467,-1,-1.0,20
1.034,-1,-3.0,20
0.95,1,2.0,20
1.733,-1,-1.0,20
1.583,-1,-3.0,20
4.767,1,2.0,20
0.851,1,-2.0,20
2.564,-1,1.0,21
3.017,-1,-3.0,21
1.817,1,2.0,21
3.617,-1,1.0,21
2.184,1,1.0,21
1.733,-1,0.0,21
2.367,-1,0.0,21
5.884,1,-1.0,21
1.45,-1,-3.0,21
2.15,1,0.0,21
2.567,-1,2.0,21
1.85,-1,2.0,21
1.75,-1,-1.0,21
3.267,-1,-2.0,21
2.75,1,1.0,21
2.567,1,-1.0,21
3.417,-1,1.0,21
1.7,1,0.0,21
2.567,1,-3.0,21
1.717,-1,-1.0,21
2.134,1,-2.0,21
3.517,1,0.0,21
1.067,1,3.0,21
2.684,1,1.0,21
3.017,1,1.0,21
1.667,-1,-3.0,21
4.167,1,0.0,21
1.6,-1,1.0,21
3.3,1,0.0,21
1.234,1,3.0,21
4.833,1,2.0,21
1.35,1,3.0,21
1.101,-1,-2.0,21
1.584,1,1.0,21
2.85,-1,-2.0,21
1.984,1,-1.0,21
1.884,1,0.0,21
2.984,-1,-2.0,21
3.067,1,1.0,21
2.184,1,1.0,21
2.0,-1,-1.0,21
3.117,1,2.0,21
1.25,-1,1.0,21
1.201,-1,-2.0,21
1.617,1,2.0,21
3.067,-1,3.0,21
2.051,1,1.0,21
1.867,-1,-3.0,21
1.383,-1,-3.0,21
2.884,-1,0.0,21
1.95,-1,1.0,21
2.2,1,-1.0,21
2.234,-1,0.0,21
1.683,-1,-3.0,21
3.467,1,0.0,21
1.517,1,2.0,21
1.117,1,3.0,21
1.35,1,3.0,21
1.55,-1,-2.0,21
2.2,1,0.0,21
1.517,-1,-2.0,21
2.95,-1,-3.0,21
1.316,1,3.0,21
1.667,1,2.0,21
1.734,1,-1.0,21
4.917,-1,0.0,21
1.617,1,2.0,21
1.317,-1,0.0,21
1.017,1,2.0,21
2.484,-1,-3.0,21
3.75,1,1.0,21
1.217,-1,-3.0,21
2.367,1,2.0,21
2.817,-1,0.0,21
2.867,-1,0.0,21
1.834,1,1.0,21
1.383,1,1.0,21
3.8,1,2.0,21
1.717,-1,-3.0,21
2.267,-1,-2.0,21
1.584,1,3.0,21
3.283,1,0.0,21
1.117,1,3.0,21
1.267,-1,-2.0,21
1.867,-1,-2.0,21
1.25,1,3.0,21
1.7,-1,-2.0,21
1.283,1,3.0,21
3.75,1,0.0,21
1.767,1,0.0,21
1.4,-1,-2.0,21
1.484,-1,-2.0,21
2.217,1,-1.0,21
2.867,1,0.0,21
2.334,-1,-1.0,21
4.684,-1,-3.0,21
1.717,-1,-1.0,21
1.4,1,-3.0,21
2.4,1,3.0,21
1.283,1,0.0,21
3.134,1,2.0,21
1.683,1,1.0,21
4.017,1,0.0,21
1.45,1,-2.0,21
3.75,1,-2.0,21
1.284,1,1.0,21
1.067,-1,0.0,21
2.134,1,2.0,21
1.634,-1,3.0,21
1.134,1,-1.0,21
1.4,-1,-2.0,21
1.917,-1,0.0,21
3.683,1,0.0,21
1.884,-1,1.0,21
1.417,1,1.0,21
1.367,-1,0.0,21
2.9,-1,-2.0,21
1.451,1,-2.0,21
2.567,-1,1.0,21
1.617,1,-1.0,21
1.567,-1,-2.0,21
2.334,1,0.0,21
1.3,-1,1.0,21
1.184,1,2.0,21
1.15,1,0.0,21
3.967,-1,-1.0,21
2.25,1,0.0,21
2.95,1,-3.0,21
3.417,1,3.0,21
2.15,-1,-3.0,21
2.567,1,-1.0,21
1.984,-1,-2.0,21
1.0,-1,-3.0,21
3.051,-1,1.0,21
2.716,1,0.0,21
1.567,-1,-2.0,21
1.351,1,2.0,21
2.751,-1,0.0,21
1.384,1,3.0,21
1.35,-1,-2.0,21
2.183,1,-1.0,21
1.267,-1,-3.0,21
1.651,1,3.0,21
1.5,1,2.0,21
1.467,1,3.0,21
1.216,1,0.0,21
1.351,-1,-1.0,21
1.451,-1,-1.0,21
1.517,1,1.0,21
0.967,-1,-2.0,21
1.6,-1,0.0,21
1.384,1,1.0,21
1.2,-1,0.0,21
1.5,1,3.0,21
1.05,1,2.0,21
1.767,1,0.0,21
3.3,-1,-2.0,21
3.1,-1,-1.0,21
1.884,-1,-2.0,21
1.617,-1,-1.0,21
1.234,1,3.0,21
1.6,1,0.0,21
1.334,-1,-1.0,21
0.8,1,3.0,21
0.9,-1,-3.0,21
2.367,1,2.0,21
1.301,1,3.0,21
1.9,-1,0.0,21
0.983,1,-2.0,21
1.367,-1,-1.0,21
1.45,1,0.0,21
1.333,1,3.0,21
1.117,1,2.0,21
1.267,-1,2.0,21
1.8,-1,-2.0,21
1.067,1,0.0,21
3.301,-1,0.0,21
1.566,-1,-2.0,21
2.317,-1,-2.0,21
1.467,-1,0.0,21
1.083,-1,-2.0,21
1.85,-1,0.0,21
1.283,1,0.0,21
3.15,-1,0.0,21
0.917,1,0.0,21
2.101,1,1.0,21
0.9,-1,0.0,21
1.666,1,2.0,21
1.334,1,2.0,21
1.25,1,3.0,21
1.15,-1,-1.0,21
2.017,-1,-3.0,21
2.45,-1,-3.0,22
2.634,1,-1.0,22
5.667,-1,1.0,22
2.634,1,1.0,22
3.001,1,0.0,22
4.984,-1,-1.0,22
5.334,1,1.0,22
1.1,-1,0.0,22
3.267,-1,-1.0,22
5.517,1,0.0,22
1.683,1,1.0,22
2.7,-1,1.0,22
3.601,1,0.0,22
1.734,1,-1.0,22
2.417,1,3.0,22
0.966,1,1.0,22
2.451,1,-2.0,22
3.433,1,-1.0,22
1.417,1,0.0,22
2.434,1,1.0,22
1.517,-1,0.0,22
3.934,1,1.0,22
1.717,1,3.0,22
4.217,-1,2.0,22
1.817,-1,-1.0,22
1.567,1,0.0,22
2.767,-1,-2.0,22
1.584,1,0.0,22
2.067,1,0.0,22
2.717,1,-3.0,22
1.5,-1,-3.0,22
1.533,1,1.0,22
1.917,-1,-3.0,22
2.167,-1,-1.0,22
1.6,-1,2.0,22
3.2,-1,1.0,22
1.384,1,1.0,22
2.134,-1,1.0,22
1.75,1,3.0,22
2.351,-1,-3.0,22
1.167,-1,-1.0,22
1.317,1,0.0,22
2.35,-1,-3.0,22
1.7,1,1.0,22
1.683,-1,2.0,22
1.45,-1,1.0,22
2.533,1,2.0,22
2.667,-1,1.0,22
1.934,-1,-3.0,22
1.017,1,2.0,22
1.083,1,3.0,22
4.233,1,2.0,22
1.1,-1,-3.0,22
1.75,-1,-2.0,22
4.967,1,0.0,22
1.217,1,3.0,22
1.35,1,3.0,22
1.351,1,1.0,22
1.1,-1,2.0,22
1.867,1,0.0,22
1.183,1,2.0,22
1.133,1,2.0,22
1.367,-1,0.0,22
1.65,1,3.0,22
2.017,-1,-2.0,22
1.45,1,-1.0,22
1.283,1,2.0,22
0.867,-1,0.0,22
1.3,-1,0.0,22
2.25,1,1.0,22
3.917,-1,-1.0,22
3.334,1,3.0,22
0.9,-1,-2.0,22
3.134,1,-3.0,22
0.8,-1,-3.0,22
3.034,-1,3.0,22
1.7,-1,2.0,22
1.816,-1,-3.0,22
1.584,-1,-2.0,22
0.867,-1,0.0,22
1.751,1,0.0,22
5.967,-1,1.0,22
1.7,-1,0.0,22
1.333,1,1.0,22
1.367,-1,-1.0,22
3.483,-1,1.0,22
1.984,-1,2.0,22
1.9,1,-3.0,22
1.583,1,-2.0,22
1.367,1,2.0,22
0.75,-1,0.0,22
1.517,-1,-2.0,22
0.9,1,0.0,22
1.367,-1,0.0,22
3.233,1,0.0,22
0.9,1,-3.0,22
1.516,-1,0.0,22
1.334,1,0.0,22
2.701,1,3.0,22
0.834,-1,1.0,22
3.15,-1,2.0,22
1.667,-1,3.0,22
1.15,1,-3.0,22
3.483,1,0.0,22
1.634,1,-1.0,22
1.317,-1,-1.0,22
1.534,1,1.0,22
1.234,-1,0.0,22
3.234,1,2.0,22
1.734,1,1.0,22
1.651,-1,-1.0,22
3.4,-1,0.0,22
1.183,-1,0.0,22
1.383,-1,-3.0,22
1.05,1,0.0,22
0.967,1,0.0,22
1.317,1,1.0,22
1.301,1,2.0,22
0.967,1,0.0,22
1.15,-1,-2.0,22
0.75,1,1.0,22
1.584,-1,3.0,22
0.9,1,3.0,22
1.117,-1,0.0,22
1.017,-1,3.0,22
1.133,1,0.0,22
1.484,1,3.0,22
1.617,-1,-3.0,22
1.217,-1,3.0,22
1.334,1,1.0,22
1.017,1,0.0,22
1.734,-1,-3.0,22
1.5,-1,1.0,22
2.633,1,0.0,22
1.2,-1,0.0,22
1.95,-1,-1.0,22
1.45,1,0.0,22
2.05,-1,-3.0,22
1.217,1,-2.0,22
2.267,-1,-3.0,22
1.233,-1,-2.0,22
5.416,-1,2.0,22
0.834,1,-3.0,22
1.2,1,-1.0,22
1.433,1,0.0,22
2.101,1,0.0,22
3.267,1,2.0,22
2.0,1,0.0,22
2.967,1,-2.0,22
1.267,-1,-2.0,22
1.283,-1,-1.0,22
0.833,1,-2.0,22
0.85,1,3.0,22
0.967,1,0.0,22
0.833,-1,-3.0,22
3.601,-1,-1.0,22
4.4,1,1.0,22
1.317,-1,0.0,22
1.201,-1,0.0,22
2.0,-1,3.0,22
4.134,-1,2.0,22
1.717,1,3.0,22
1.65,1,2.0,22
1.117,-1,0.0,22
2.051,-1,2.0,22
1.85,-1,-3.0,22
1.467,1,3.0,22
0.751,-1,0.0,22
1.45,-1,-3.0,22
1.2,-1,-3.0,22
0.85,1,2.0,22
0.767,1,0.0,22
1.5,1,3.0,22
2.317,1,0.0,22
1.2,-1,-1.0,22
0.801,-1,3.0,22
3.551,-1,-2.0,22
1.4,1,1.0,22
0.783,-1,-2.0,22
2.151,-1,-1.0,22
1.8,-1,0.0,22
2.1,-1,0.0,22
4.334,-1,0.0,22
0.833,-1,0.0,22
1.1,1,2.0,22
1.784,-1,0.0,23
1.384,-1,-3.0,23
2.017,1,3.0,23
3.8,1,0.0,23
2.367,-1,1.0,23
3.317,1,0.0,23
1.517,1,0.0,23
3.867,-1,0.0,23
3.917,-1,0.0,23
1.183,-1,-3.0,23
1.401,-1,-3.0,23
1.301,-1,-3.0,23
2.533,1,0.0,23
2.183,-1,-3.0,23
2.683,1,0.0,23
0.917,1,3.0,23
2.151,1,1.0,23
4.934,-1,2.0,23
1.617,-1,0.0,23
1.334,1,2.0,23
1.25,1,0.0,23
2.967,-1,-1.0,23
1.917,1,-2.0,23
1.067,1,0.0,23
1.35,1,2.0,23
1.484,1,3.0,23
3.701,-1,0.0,23
1.434,-1,0.0,23
1.333,-1,-3.0,23
3.184,-1,0.0,23
0.883,-1,0.0,23
2.283,-1,0.0,23
1.167,1,0.0,23
1.083,1,3.0,23
1.783,1,1.0,23
0.734,1,0.0,23
1.917,1,0.0,23
1.817,1,3.0,23
3.017,1,0.0,23
2.7,1,0.0,23
4.617,1,-1.0,23
1.3,1,3.0,23
1.75,-1,2.0,23
1.1,1,2.0,23
1.233,1,2.0,23
1.067,-1,1.0,23
1.283,-1,2.0,23
1.751,-1,-1.0,23
0.984,1,-2.0,23
1.517,1,0.0,23
1.834,1,3.0,23
2.451,-1,2.0,23
1.384,1,0.0,23
2.017,1,1.0,23
1.25,1,3.0,23
2.767,-1,-3.0,23
0.966,-1,0.0,23
1.25,-1,0.0,23
0.767,-1,0.0,23
1.15,1,0.0,23
1.217,-1,0.0,23
1.15,1,1.0,23
0.734,1,0.0,23
1.217,-1,0.0,23
1.284,1,0.0,23
1.417,-1,-2.0,23
0.683,1,0.0,23
1.733,1,3.0,23
0.9,-1,0.0,23
2.584,1,0.0,23
1.367,-1,2.0,23
1.701,1,3.0,23
1.317,1,1.0,23
1.267,-1,-3.0,23
0.717,1,0.0,23
1.95,-1,-2.0,23
2.283,-1,-1.0,23
0.883,-1,-2.0,23
1.217,1,3.0,23
2.284,1,0.0,23
4.1,1,3.0,23
1.101,-1,-2.0,23
1.417,-1,0.0,23
1.7,-1,0.0,23
0.833,-1,0.0,23
1.683,-1,-1.0,23
1.15,-1,0.0,23
1.983,-1,0.0,23
1.1,-1,0.0,23
1.317,-1,0.0,23
1.184,-1,-3.0,23
0.884,1,0.0,23
2.166,-1,-1.0,23
0.884,1,3.0,23
0.9,-1,2.0,23
0.633,-1,0.0,23
0.751,-1,0.0,23
0.733,1,0.0,23
0.617,-1,0.0,23
2.9,1,3.0,23
1.25,1,0.0,23
4.65,1,0.0,23
1.317,-1,0.0,23
2.217,1,-1.0,23
0.817,1,0.0,23
0.917,1,2.0,23
1.217,1,-3.0,23
0.95,-1,-2.0,23
1.167,-1,3.0,23
1.301,-1,-3.0,23
2.334,1,2.0,23
1.817,1,1.0,23
1.667,1,-2.0,23
1.417,1,-2.0,23
2.0,-1,2.0,23
0.967,-1,0.0,23
1.884,-1,0.0,23
0.8,-1,0.0,23
1.6,-1,0.0,23
0.733,1,1.0,23
0.7,1,0.0,23
0.833,-1,0.0,23
1.45,1,0.0,23
1.417,1,3.0,23
1.35,-1,0.0,23
1.117,1,0.0,23
1.05,1,0.0,23
1.317,-1,-3.0,23
1.083,1,3.0,23
1.134,1,0.0,23
1.701,1,0.0,23
1.333,-1,-3.0,23
1.467,-1,0.0,23
1.0,1,-2.0,23
0.867,1,0.0,23
0.85,1,2.0,23
1.817,1,0.0,23
0.967,-1,0.0,23
1.617,1,0.0,23
1.15,1,0.0,23
1.117,1,3.0,23
0.933,-1,-1.0,23
0.85,1,-2.0,23
1.501,-1,-2.0,23
1.917,-1,0.0,23
0.684,-1,0.0,23
0.767,-1,0.0,23
1.3,-1,0.0,23
0.784,1,2.0,23
0.967,1,1.0,23
0.783,-1,-3.0,23
1.417,1,0.0,23
1.35,1,0.0,23
1.117,1,3.0,23
1.034,1,0.0,23
0.65,-1,-1.0,23
3.466,1,0.0,23
1.067,-1,0.0,23
1.35,1,2.0,23
2.3,-1,0.0,23
1.25,1,0.0,23
1.101,1,3.0,23
1.55,-1,0.0,23
1.484,1,0.0,23
0.767,-1,-3.0,23
1.084,-1,1.0,23
0.934,-1,0.0,23
1.217,-1,0.0,23
0.85,1,-1.0,23
1.2,1,0.0,23
2.467,1,0.0,23
1.634,1,0.0,23
1.401,-1,-1.0,23
1.484,1,0.0,23
0.783,1,0.0,23
0.801,-1,0.0,23
0.833,-1,-1.0,23
0.884,1,1.0,23
0.917,1,0.0,23
0.85,1,0.0,23
0.966,1,1.0,23
1.151,1,0.0,23
1.133,1,0.0,23
1.666,-1,-1.0,23
1.184,-1,0.0,23
4.5,1,1.0,24
2.6,-1,-3.0,24
1.251,-1,-2.0,24
2.001,-1,-2.0,24
2.601,1,0.0,24
4.117,-1,2.0,24
1.55,-1,-3.0,24
2.717,-1,0.0,24
1.55,1,3.0,24
5.35,1,1.0,24
3.05,1,-1.0,24
3.317,1,-1.0,24
3.533,1,0.0,24
3.417,-1,0.0,24
1.534,1,1.0,24
3.433,-1,-2.0,24
2.967,1,3.0,24
2.134,1,2.0,24
3.2,-1,0.0,24
1.267,1,0.0,24
2.367,1,0.0,24
1.867,1,1.0,24
2.367,-1,0.0,24
1.717,-1,-3.0,24
2.6,1,-2.0,24
2.167,-1,-3.0,24
1.733,1,1.0,24
2.217,-1,0.0,24
1.684,1,2.0,24
3.0,-1,0.0,24
4.967,1,-2.0,24
1.467,1,3.0,24
2.4,1,-3.0,24
2.401,1,2.0,24
2.284,1,1.0,24
3.617,-1,-2.0,24
2.45,1,0.0,24
4.983,1,-1.0,24
1.584,-1,-2.0,24
3.917,1,1.0,24
2.917,1,-1.0,24
1.933,1,2.0,24
4.267,1,-2.0,24
3.584,-1,-3.0,24
3.067,-1,-1.0,24
1.733,1,2.0,24
3.85,1,-1.0,24
2.383,1,0.0,24
2.001,-1,-3.0,24
1.033,1,3.0,24
3.234,1,0.0,24
1.501,1,-1.0,24
3.967,1,0.0,24
1.334,1,3.0,24
1.701,-1,-3.0,24
2.317,1,-1.0,24
2.983,1,3.0,24
4.434,-1,-1.0,24
5.434,1,0.0,24
2.0,1,2.0,24
3.3,-1,1.0,24
1.367,-1,0.0,24
1.35,1,2.0,24
1.784,-1,-1.0,24
4.383,-1,-2.0,24
1.201,1,1.0,24
1.734,1,3.0,24
3.017,-1,0.0,24
3.283,1,-1.0,24
2.601,-1,3.0,24
2.917,-1,3.0,24
1.417,-1,-2.0,24
1.9,-1,-3.0,24
1.85,1,1.0,24
1.451,-1,-2.0,24
2.45,-1,1.0,24
3.3,1,1.0,24
2.534,1,-2.0,24
1.1,-1,-3.0,24
4.683,1,-1.0,24
2.483,-1,-1.0,24
1.283,1,1.0,24
2.151,1,2.0,24
2.434,1,-2.0,24
3.834,1,3.0,24
1.034,1,1.0,24
3.667,1,-3.0,24
1.466,1,3.0,24
2.733,1,-1.0,24
4.583,1,2.0,24
1.983,1,3.0,24
1.751,-1,-2.0,24
1.651,1,-2.0,24
1.833,-1,0.0,24
3.884,1,-2.0,24
2.534,-1,-1.0,24
2.267,-1,-3.0,24
3.167,1,0.0,24
2.433,-1,-2.0,24
2.4,-1,0.0,24
2.251,-1,1.0,24
2.533,-1,1.0,24
2.684,1,-2.0,24
1.851,-1,-2.0,24
1.634,1,1.0,24
1.716,-1,0.0,24
2.534,1,-2.0,24
2.383,-1,-3.0,24
2.117,1,2.0,24
2.101,1,1.0,24
0.834,1,2.0,24
2.067,1,-2.0,24
3.067,-1,0.0,24
2.533,1,-1.0,24
1.951,1,-2.0,24
1.517,1,3.0,24
1.933,1,2.0,24
1.733,-1,-2.0,24
2.067,1,1.0,24
0.751,-1,-2.0,24
4.75,-1,0.0,24
1.5,1,2.0,24
3.484,1,1.0,24
3.6,1,-2.0,24
2.017,-1,-3.0,24
1.267,1,-1.0,24
2.483,1,3.0,24
1.883,-1,0.0,24
1.834,-1,-2.0,24
1.666,1,2.0,24
2.901,1,-1.0,24
1.367,-1,-2.0,24
0.883,1,2.0,24
1.367,1,2.0,24
1.05,1,1.0,24
1.634,1,0.0,24
1.467,1,-1.0,24
3.317,-1,-1.0,24
1.25,1,3.0,24
1.75,1,0.0,24
2.767,1,3.0,24
1.65,-1,-2.0,24
1.15,1,0.0,24
4.034,1,2.0,24
1.534,1,0.0,24
1.633,1,0.0,24
1.833,1,2.0,24
2.05,-1,-2.0,24
0.95,1,-1.0,24
1.767,1,0.0,24
1.084,1,3.0,24
2.033,-1,1.0,24
2.15,-1,0.0,24
3.05,1,-1.0,24
1.734,-1,3.0,24
1.4,-1,1.0,24
2.384,-1,-2.0,24
1.301,-1,-3.0,24
1.367,1,1.0,24
0.833,1,0.0,24
1.517,-1,-1.0,24
1.883,1,3.0,24
2.383,1,1.0,24
1.567,1,0.0,24
1.35,1,-1.0,24
1.667,-1,0.0,24
1.801,1,0.0,24
1.617,1,1.0,24
1.3,1,1.0,24
1.9,1,0.0,24
2.517,1,1.0,24
3.666,1,2.0,24
1.234,-1,1.0,24
1.767,-1,-2.0,24
4.55,1,-1.0,24
1.5,1,-3.0,24
2.017,1,1.0,24
1.234,1,2.0,24
1.051,1,0.0,24
1.067,-1,-2.0,24
3.384,1,-1.0,24
2.617,-1,0.0,25
2.0,1,3.0,25
1.617,1,2.0,25
2.617,1,3.0,25
3.25,1,-1.0,25
1.4,-1,1.0,25
1.851,-1,-2.0,25
2.35,1,1.0,25
4.201,-1,3.0,25
1.666,-1,-3.0,25
2.234,-1,-2.0,25
3.267,1,1.0,25
4.234,-1,1.0,25
5.601,1,-1.0,25
1.684,-1,-3.0,25
3.184,-1,3.0,25
3.4,1,-2.0,25
4.667,-1,0.0,25
2.383,1,2.0,25
2.267,-1,0.0,25
4.217,-1,-1.0,25
2.634,-1,0.0,25
3.351,1,3.0,25
2.55,-1,-2.0,25
4.35,-1,3.0,25
1.967,1,2.0,25
1.4,-1,-2.0,25
1.85,1,0.0,25
2.35,1,-1.0,25
3.767,1,1.0,25
1.583,1,0.0,25
3.084,-1,-2.0,25
2.5,-1,-1.0,25
4.784,-1,-2.0,25
1.517,1,3.0,25
1.817,1,-1.0,25
3.817,1,-3.0,25
5.85,-1,3.0,25
1.467,-1,1.0,25
2.217,-1,1.0,25
1.2,-1,-3.0,25
4.933,1,2.0,25
3.2,-1,1.0,25
2.434,1,1.0,25
1.717,-1,-3.0,25
1.734,-1,0.0,25
3.9,1,0.0,25
2.067,1,-3.0,25
1.234,1,1.0,25
1.484,1,1.0,25
4.35,1,3.0,25
1.367,-1,-2.0,25
2.6,1,2.0,25
2.334,-1,-3.0,25
5.3,1,-2.0,25
1.483,-1,-2.0,25
2.617,1,0.0,25
4.633,-1,1.0,25
3.151,1,3.0,25
4.634,-1,0.0,25
1.684,-1,0.0,25
1.95,1,3.0,25
2.133,-1,2.0,25
4.367,1,0.0,25
1.667,1,1.0,25
2.383,1,-3.0,25
1.251,-1,3.0,25
4.15,1,0.0,25
3.117,-1,0.0,25
1.184,1,-1.0,25
1.367,1,-1.0,25
3.367,-1,-2.0,25
1.434,1,2.0,25
3.383,1,3.0,25
3.834,1,-2.0,25
1.6,-1,2.0,25
4.067,1,3.0,25
2.183,-1,1.0,25
1.05,1,3.0,25
2.067,-1,-1.0,25
3.35,1,2.0,25
1.5,-1,0.0,25
2.15,-1,1.0,25
1.567,1,2.0,25
2.534,-1,0.0,25
1.217,1,-1.0,25
2.084,1,2.0,25
2.767,1,0.0,25
2.701,1,-3.0,25
1.983,1,2.0,25
1.617,-1,0.0,25
1.633,-1,-3.0,25
3.7,-1,-3.0,25
1.367,1,3.0,25
3.417,-1,1.0,25
1.317,-1,-3.0,25
1.217,-1,-3.0,25
2.3,-1,-1.0,25
3.734,-1,1.0,25
2.4,1,0.0,25
2.667,1,1.0,25
1.767,1,1.0,25
3.083,1,2.0,25
4.101,-1,0.0,25
2.267,-1,-3.0,25
2.2,1,3.0,25
1.717,-1,3.0,25
1.817,-1,3.0,25
1.133,-1,0.0,25
1.584,1,-1.0,25
2.034,1,0.0,25
1.35,-1,-2.0,25
2.351,-1,-3.0,25
2.167,1,2.0,25
4.05,1,2.0,25
2.3,1,-1.0,25
1.15,-1,-1.0,25
1.383,-1,0.0,25
2.15,1,0.0,25
1.567,-1,-2.0,25
3.333,-1,2.0,25
4.2,-1,1.0,25
2.717,1,2.0,25
1.801,1,-3.0,25
2.701,-1,2.0,25
2.45,-1,0.0,25
1.817,1,3.0,25
1.683,1,2.0,25
1.267,-1,-3.0,25
1.834,-1,-3.0,25
2.567,-1,0.0,25
1.017,1,1.0,25
1.817,1,1.0,25
3.684,-1,-2.0,25
2.366,-1,0.0,25
4.917,1,0.0,25
1.934,1,2.0,25
1.834,-1,-1.0,25
4.133,-1,-1.0,25
1.651,-1,0.0,25
4.334,-1,2.0,25
2.417,1,1.0,25
3.0,-1,1.0,25
1.533,1,3.0,25
1.667,1,0.0,25
1.384,1,-3.0,25
4.617,1,0.0,25
1.716,1,2.0,25
3.067,1,-2.0,25
1.8,-1,-3.0,25
2.584,1,1.0,25
3.467,-1,2.0,25
2.1,-1,2.0,25
3.051,-1,1.0,25
1.4,-1,-3.0,25
1.317,-1,0.0,25
2.951,-1,-1.0,25
1.717,1,0.0,25
1.551,-1,-2.0,25
3.484,1,2.0,25
2.384,1,1.0,25
1.301,1,1.0,25
1.933,1,0.0,25
1.251,1,3.0,25
2.167,-1,1.0,25
1.133,-1,-2.0,25
1.517,1,1.0,25
3.034,-1,-1.0,25
1.134,1,3.0,25
3.583,1,2.0,25
1.901,1,-2.0,25
2.783,-1,2.0,25
1.367,1,2.0,25
1.551,-1,-1.0,25
2.734,-1,-2.0,25
2.033,1,1.0,25
1.834,1,-2.0,25
2.483,1,0.0,25
1.383,-1,0.0,25
1.583,-1,0.0,25
1.984,-1,-2.0,25
1.551,1,-1.0,25
3.234,1,1.0,25
1.447,1,0.0,26
3.25,-1,-2.0,26
1.683,1,3.0,26
1.6,1,2.0,26
3.45,-1,-3.0,26
1.516,1,2.0,26
1.533,1,0.0,26
1.6,-1,-1.0,26
4.85,1,0.0,26
1.167,1,0.0,26
1.567,1,3.0,26
2.0,-1,-1.0,26
1.951,-1,-1.0,26
1.284,-1,-1.0,26
5.167,-1,3.0,26
1.351,1,2.0,26
2.4,-1,0.0,26
3.467,1,0.0,26
2.65,-1,-2.0,26
2.001,1,0.0,26
2.467,-1,-2.0,26
1.701,-1,1.0,26
1.467,1,0.0,26
4.783,1,1.0,26
1.983,-1,-3.0,26
2.351,1,3.0,26
1.417,1,1.0,26
1.5,1,2.0,26
1.216,-1,-1.0,26
1.45,-1,-3.0,26
2.384,-1,0.0,26
1.217,-1,0.0,26
1.3,1,3.0,26
1.934,-1,0.0,26
1.3,-1,-1.0,26
1.167,-1,-3.0,26
0.884,1,2.0,26
2.183,-1,-1.0,26
3.501,1,2.0,26
4.617,-1,-2.0,26
2.533,-1,-2.0,26
2.617,-1,1.0,26
2.033,-1,-2.0,26
3.384,1,0.0,26
1.3,1,2.0,26
1.333,1,3.0,26
2.867,1,3.0,26
3.434,1,0.0,26
1.017,1,1.0,26
1.533,-1,0.0,26
1.4,1,1.0,26
1.266,-1,-2.0,26
1.567,-1,-2.0,26
2.95,-1,-1.0,26
2.067,1,1.0,26
1.717,-1,-2.0,26
4.151,-1,-2.0,26
1.001,1,2.0,26
1.216,1,3.0,26
1.35,-1,2.0,26
1.7,1,3.0,26
0.9,1,-1.0,26
1.717,1,3.0,26
1.584,1,2.0,26
1.767,-1,-1.0,26
1.05,1,0.0,26
2.35,1,-1.0,26
2.417,-1,1.0,26
2.267,-1,-1.0,26
0.917,1,1.0,26
1.967,1,2.0,26
1.551,1,0.0,26
2.75,-1,2.0,26
2.25,-1,1.0,26
1.85,-1,2.0,26
2.084,-1,-3.0,26
1.7,-1,-2.0,26
1.834,-1,-3.0,26
2.017,1,3.0,26
4.034,-1,0.0,26
4.534,1,1.0,26
1.566,1,3.0,26
2.167,1,3.0,26
2.5,1,1.0,26
0.9,1,-2.0,26
1.267,-1,-2.0,26
2.333,1,2.0,26
2.467,-1,2.0,26
4.167,-1,0.0,26
1.634,-1,0.0,26
1.533,-1,-1.0,26
1.75,-1,-3.0,26
3.5,-1,-2.0,26
2.566,-1,0.0,26
1.117,-1,0.0,26
1.667,-1,0.0,26
0.934,1,-3.0,26
1.916,1,1.0,26
0.934,1,1.0,26
1.683,1,3.0,26
1.117,-1,-1.0,26
1.184,-1,2.0,26
1.5,1,0.0,26
1.783,-1,-1.0,26
5.167,1,1.0,26
1.251,-1,-3.0,26
1.517,1,3.0,26
1.583,-1,0.0,26
1.684,1,0.0,26
1.817,1,0.0,26
1.683,-1,1.0,26
1.367,-1,-1.0,26
5.167,1,2.0,26
3.333,-1,-2.0,26
1.217,-1,-3.0,26
1.617,1,1.0,26
4.184,1,0.0,26
1.65,1,-2.0,26
1.684,1,3.0,26
1.783,-1,-3.0,26
1.317,-1,1.0,26
1.933,1,-3.0,26
2.051,1,-1.0,26
1.267,-1,-3.0,26
1.483,-1,-2.0,26
1.35,1,3.0,26
1.15,-1,0.0,26
0.833,1,3.0,26
0.884,1,0.0,26
1.233,1,3.0,26
1.333,1,-1.0,26
1.25,1,2.0,26
3.717,1,0.0,26
1.717,1,0.0,26
1.617,1,2.0,26
5.15,1,-3.0,26
1.233,-1,-2.0,26
1.283,-1,-3.0,26
1.483,-1,0.0,26
2.484,-1,-1.0,26
1.7,-1,-3.0,26
1.284,-1,0.0,26
2.501,1,-1.0,26
1.667,-1,-3.0,26
1.084,-1,1.0,26
2.584,-1,-2.0,26
1.001,-1,-3.0,26
1.533,-1,1.0,26
1.317,1,1.0,26
0.817,1,-1.0,26
1.583,-1,-1.0,26
5.201,-1,2.0,26
5.184,-1,-2.0,26
1.184,1,2.0,26
1.5,-1,2.0,26
0.884,-1,-3.0,26
1.517,-1,-3.0,26
1.883,1,1.0,26
1.317,1,3.0,26
2.667,-1,1.0,26
1.7,-1,0.0,26
1.483,1,1.0,26
2.484,-1,-2.0,26
2.134,-1,-1.0,26
1.033,1,1.0,26
1.783,-1,-1.0,26
4.417,1,0.0,26
1.384,-1,-2.0,26
1.917,1,2.0,26
1.2,1,3.0,26
3.15,1,-3.0,26
1.35,1,0.0,26
1.717,-1,-1.0,26
2.101,-1,-2.0,26
1.9,-1,-3.0,26
2.133,1,3.0,26
3.284,1,0.0,26
1.2,-1,-1.0,26
2.217,1,-1.0,26
0.95,-1,1.0,26
1.333,1,1.0,26
0.867,1,0.0,26
1.55,1,0.0,26
1.367,1,2.0,26
1.083,1,-3.0,26
1.8,-1,-1.0,26
0.95,1,3.0,26
1.751,-1,0.0,26
1.2,1,1.0,26
2.733,1,1.0,26
0.817,1,3.0,26
1.633,1,3.0,26
1.65,-1,-1.0,26
1.533,1,2.0,26
1.767,1,2.0,26
1.0,1,0.0,26
2.933,1,-2.0,27
1.234,-1,-3.0,27
2.834,-1,-3.0,27
2.366,1,1.0,27
1.333,-1,0.0,27
4.0,-1,0.0,27
2.133,-1,-2.0,27
1.333,-1,-1.0,27
1.817,-1,-1.0,27
1.216,-1,-2.0,27
0.984,-1,2.0,27
0.833,1,1.0,27
1.65,-1,2.0,27
2.133,1,0.0,27
1.284,-1,2.0,27
1.117,-1,-2.0,27
1.416,1,-1.0,27
1.217,1,1.0,27
1.75,-1,-2.0,27
1.834,-1,0.0,27
1.967,-1,2.0,27
1.817,1,3.0,27
1.417,-1,0.0,27
1.8,1,3.0,27
1.717,-1,3.0,27
1.434,1,1.0,27
1.033,1,0.0,27
2.1,-1,-2.0,27
0.85,1,3.0,27
0.95,-1,-2.0,27
1.133,-1,-1.0,27
2.084,1,1.0,27
1.367,1,1.0,27
2.201,1,-3.0,27
1.951,1,-2.0,27
1.95,-1,2.0,27
2.233,1,0.0,27
2.017,1,3.0,27
1.667,1,1.0,27
2.417,1,2.0,27
1.417,1,3.0,27
1.6,1,2.0,27
1.667,1,0.0,27
3.701,-1,1.0,27
2.917,1,0.0,27
1.517,-1,3.0,27
1.233,1,0.0,27
1.1,-1,3.0,27
1.433,-1,2.0,27
1.317,-1,-2.0,27
1.317,-1,-2.0,27
1.217,-1,-2.0,27
1.0,1,1.0,27
1.483,-1,-2.0,27
3.051,1,1.0,27
2.684,-1,1.0,27
1.033,-1,2.0,27
1.967,-1,0.0,27
1.1,-1,0.0,27
1.35,-1,-3.0,27
1.233,-1,-1.0,27
0.967,1,-3.0,27
1.9,-1,0.0,27
1.717,1,0.0,27
2.867,-1,1.0,27
1.467,-1,0.0,27
1.267,1,1.0,27
1.216,-1,-1.0,27
0.85,-1,-1.0,27
0.95,-1,1.0,27
1.5,1,0.0,27
0.967,-1,-2.0,27
2.167,1,2.0,27
1.217,-1,-1.0,27
0.884,1,3.0,27
1.517,1,2.0,27
1.401,-1,0.0,27
1.251,-1,2.0,27
1.866,-1,0.0,27
1.933,1,0.0,27
1.634,-1,-2.0,27
1.583,-1,3.0,27
2.434,1,0.0,27
0.95,-1,-2.0,27
1.15,-1,0.0,27
0.85,1,1.0,27
1.267,1,-1.0,27
1.817,1,2.0,27
1.1,-1,1.0,27
1.6,-1,3.0,27
1.417,-1,0.0,27
1.034,-1,-1.0,27
1.45,-1,-1.0,27
2.634,-1,2.0,27
1.784,1,0.0,27
1.2,1,1.0,27
1.1,1,-1.0,27
1.101,1,3.0,27
2.051,-1,1.0,27
1.517,1,1.0,27
1.534,1,-1.0,27
1.65,1,-2.0,27
1.034,-1,0.0,27
1.667,1,-3.0,27
3.033,-1,1.0,27
0.733,1,-2.0,27
1.017,1,0.0,27
0.867,1,1.0,27
1.151,-1,-3.0,27
2.101,1,0.0,27
1.467,1,-1.0,27
1.117,1,3.0,27
1.601,1,-1.0,27
1.567,-1,-3.0,27
2.483,1,-1.0,27
4.45,1,1.0,27
0.9,-1,-3.0,27
1.367,-1,-2.0,27
1.201,1,3.0,27
0.8,1,0.0,27
1.317,1,-2.0,27
1.383,1,2.0,27
2.334,-1,2.0,27
0.95,1,2.0,27
0.951,-1,0.0,27
1.266,1,-1.0,27
0.751,1,0.0,27
0.7,1,-1.0,27
1.083,-1,-3.0,27
0.901,-1,0.0,27
1.167,1,-2.0,27
0.933,1,1.0,27
2.117,1,0.0,27
2.334,-1,1.0,27
1.7,1,1.0,27
1.317,1,0.0,27
1.25,1,2.0,27
1.533,1,-1.0,27
1.817,1,2.0,27
1.6,-1,1.0,27
1.333,-1,-3.0,27
1.433,1,3.0,27
1.233,1,0.0,27
1.167,1,-2.0,27
1.216,-1,-1.0,27
1.867,-1,0.0,27
1.3,-1,1.0,27
1.334,-1,-1.0,27
1.534,1,3.0,27
0.684,-1,3.0,27
1.084,1,0.0,27
3.85,1,0.0,27
1.6,1,0.0,27
1.834,1,3.0,27
1.733,1,0.0,27
1.317,1,-2.0,27
1.234,-1,1.0,27
1.017,1,2.0,27
1.434,-1,0.0,27
3.784,1,-3.0,27
1.233,-1,1.0,27
0.817,1,-2.0,27
1.767,-1,3.0,27
1.083,-1,-2.0,27
1.033,-1,-2.0,27
1.3,1,2.0,27
0.784,1,-3.0,27
1.616,-1,-2.0,27
1.101,-1,0.0,27
1.25,-1,0.0,27
0.85,1,-1.0,27
1.283,1,-1.0,27
0.817,1,0.0,27
1.983,1,1.0,27
1.484,1,-3.0,27
1.067,-1,-2.0,27
3.317,1,0.0,27
0.817,1,2.0,27
2.066,1,0.0,27
0.917,1,0.0,27
1.65,1,-2.0,27
0.851,-1,-1.0,27
0.85,1,0.0,27
1.417,-1,-2.0,27
1.233,-1,0.0,27
1.101,-1,3.0,27
1.084,-1,-2.0,27
1.283,-1,-1.0,27
1.234,-1,-1.0,27
2.901,-1,-3.0,27
1.134,-1,3.0,27
0.801,-1,-1.0,27
1.267,1,-1.0,27
0.767,-1,-2.0,27
1.017,1,2.0,27
0.75,-1,-1.0,27
1.117,1,2.0,27
1.1,-1,1.0,27
3.617,1,-1.0,28
3.868,-1,0.0,28
1.25,-1,-3.0,28
1.601,1,3.0,28
1.4,1,3.0,28
1.566,-1,-3.0,28
1.384,1,2.0,28
1.334,1,3.0,28
3.617,1,3.0,28
1.6,1,3.0,28
3.834,1,0.0,28
2.284,-1,-2.0,28
2.283,1,3.0,28
2.55,-1,-2.0,28
4.117,-1,1.0,28
3.3,1,3.0,28
1.684,-1,-1.0,28
1.767,-1,-3.0,28
2.85,-1,-1.0,28
5.217,1,0.0,28
2.7,1,2.0,28
2.417,-1,0.0,28
1.417,1,2.0,28
2.517,1,2.0,28
2.267,-1,-2.0,28
3.15,-1,-3.0,28
2.933,-1,-1.0,28
3.067,1,0.0,28
1.95,-1,-3.0,28
1.617,1,2.0,28
2.867,-1,-1.0,28
2.033,-1,-3.0,28
2.85,1,1.0,28
2.05,1,3.0,28
5.933,1,-2.0,28
1.633,-1,0.0,28
4.184,-1,-1.0,28
1.884,1,1.0,28
1.467,1,3.0,28
2.367,1,2.0,28
1.667,-1,-1.0,28
2.351,-1,-3.0,28
1.683,-1,0.0,28
1.417,-1,0.0,28
3.251,-1,-1.0,28
1.15,1,1.0,28
4.201,1,1.0,28
2.0,1,3.0,28
1.183,1,0.0,28
2.867,-1,1.0,28
1.984,-1,0.0,28
4.484,1,0.0,28
2.484,1,-1.0,28
4.45,1,-3.0,28
4.8,1,-1.0,28
1.484,1,2.0,28
4.0,-1,-2.0,28
2.567,-1,0.0,28
2.567,1,-3.0,28
2.716,1,0.0,28
3.634,1,0.0,28
5.083,1,2.0,28
4.95,-1,-2.0,28
1.567,1,3.0,28
1.651,1,2.0,28
1.816,1,2.0,28
3.684,-1,0.0,28
1.95,-1,-3.0,28
1.917,-1,-2.0,28
4.334,-1,-3.0,28
3.167,1,-1.0,28
1.501,1,3.0,28
2.834,1,0.0,28
1.95,-1,0.0,28
1.45,-1,-2.0,28
1.6,-1,-2.0,28
3.75,1,2.0,28
4.833,1,3.0,28
1.483,1,2.0,28
3.15,-1,1.0,28
2.817,-1,-3.0,28
3.184,-1,-2.0,28
1.6,1,3.0,28
2.467,-1,-1.0,28
2.367,-1,0.0,28
3.05,-1,-1.0,28
4.017,-1,-2.0,28
3.6,-1,0.0,28
3.95,-1,-1.0,28
2.101,1,-1.0,28
2.167,-1,-3.0,28
1.801,1,0.0,28
3.384,-1,-1.0,28
5.55,1,2.0,28
4.633,1,-2.0,28
3.717,-1,-1.0,28
1.717,1,2.0,28
2.117,-1,0.0,28
1.4,-1,-2.0,28
2.8,-1,-3.0,28
3.1,1,2.0,28
3.683,1,-3.0,28
4.55,1,2.0,28
3.6,1,3.0,28
2.9,-1,0.0,28
3.333,1,1.0,28
2.101,-1,-1.0,28
5.634,1,-2.0,28
2.834,1,3.0,28
1.801,1,2.0,28
2.384,-1,-1.0,28
1.484,-1,-2.0,28
2.701,-1,-3.0,28
1.166,-1,-1.0,28
2.183,1,2.0,28
3.483,-1,1.0,28
1.551,1,1.0,28
2.1,1,1.0,28
4.484,-1,0.0,28
2.55,-1,-1.0,28
2.85,1,-1.0,28
4.834,1,0.0,28
2.183,1,-1.0,28
2.75,1,0.0,28
1.917,-1,-1.0,28
1.401,1,3.0,28
2.084,-1,-1.0,28
3.617,-1,-2.0,28
1.5,-1,-3.0,28
1.55,-1,-3.0,28
1.584,1,2.0,28
1.751,1,1.0,28
4.7,1,2.0,28
2.05,-1,-1.0,28
1.534,1,2.0,28
5.633,1,0.0,28
1.783,-1,-1.0,28
3.333,1,-1.0,28
2.25,-1,2.0,28
2.217,1,3.0,28
1.234,-1,0.0,28
1.467,-1,0.0,28
1.483,1,1.0,28
5.267,-1,-1.0,28
1.333,-1,-2.0,28
1.234,-1,-1.0,28
3.184,-1,-2.0,28
3.667,1,0.0,28
1.617,-1,-3.0,28
1.117,-1,2.0,28
2.367,1,1.0,28
3.0,1,0.0,28
1.684,-1,-2.0,28
1.417,-1,-2.0,28
2.067,1,1.0,28
1.367,1,3.0,28
1.6,1,2.0,28
1.767,1,-1.0,28
1.85,-1,-2.0,28
3.651,-1,0.0,28
4.817,1,1.0,28
3.567,-1,-2.0,28
3.767,1,2.0,28
2.35,-1,-2.0,28
3.134,1,1.0,28
2.567,-1,1.0,28
4.333,-1,-1.0,28
2.767,1,0.0,28
4.284,-1,-2.0,28
2.017,1,0.0,28
5.134,-1,-3.0,28
4.534,1,-1.0,28
3.851,-1,-2.0,28
2.334,-1,0.0,28
2.4,-1,0.0,28
3.683,-1,0.0,28
3.184,1,3.0,28
2.017,-1,-3.0,28
3.383,1,3.0,28
1.15,-1,0.0,28
1.733,-1,0.0,28
1.101,-1,-1.0,28
1.783,1,3.0,28
2.5,1,2.0,28
2.067,1,1.0,28
1.733,1,-1.0,28
4.8,1,2.0,28
3.317,1,3.0,28
5.05,-1,-3.0,28
1.75,1,0.0,28
3.734,-1,0.0,28
1.434,1,-2.0,29
1.05,1,3.0,29
2.867,-1,-2.0,29
1.133,1,0.0,29
1.3,-1,1.0,29
1.05,1,3.0,29
0.767,-1,-3.0,29
1.017,1,2.0,29
1.534,-1,0.0,29
0.917,1,3.0,29
0.884,-1,-3.0,29
1.034,-1,0.0,29
1.85,1,-1.0,29
1.467,1,3.0,29
1.184,-1,1.0,29
1.35,-1,0.0,29
1.134,-1,2.0,29
1.101,-1,-3.0,29
1.4,1,-3.0,29
1.117,1,0.0,29
1.35,1,3.0,29
1.25,1,0.0,29
1.217,1,1.0,29
2.334,1,2.0,29
1.367,1,-1.0,29
1.85,-1,-2.0,29
1.6,-1,-3.0,29
1.501,1,2.0,29
0.95,-1,-3.0,29
1.217,-1,0.0,29
1.4,-1,-3.0,29
1.467,1,2.0,29
1.1,1,0.0,29
1.183,1,3.0,29
0.9,1,3.0,29
0.917,-1,0.0,29
1.016,1,3.0,29
1.216,-1,-3.0,29
0.984,-1,-2.0,29
1.034,-1,-3.0,29
3.666,1,-1.0,29
1.116,1,3.0,29
0.967,1,0.0,29
1.05,-1,-3.0,29
1.016,-1,-2.0,29
1.583,-1,-2.0,29
1.35,1,1.0,29
1.95,1,-3.0,29
1.467,1,2.0,29
1.15,-1,-3.0,29
1.667,-1,0.0,29
1.467,-1,0.0,29
1.284,-1,0.0,29
0.817,-1,-3.0,29
0.85,-1,0.0,29
1.117,-1,-1.0,29
1.05,1,0.0,29
0.784,1,2.0,29
1.233,1,2.0,29
1.617,-1,1.0,29
0.8,-1,-1.0,29
1.333,-1,-1.0,29
1.067,-1,0.0,29
1.583,1,-1.0,29
1.317,1,2.0,29
1.2,1,2.0,29
1.066,-1,-2.0,29
1.234,-1,0.0,29
1.15,-1,1.0,29
1.184,1,2.0,29
0.817,-1,0.0,29
1.117,-1,-2.0,29
1.117,1,-3.0,29
1.083,-1,0.0,29
1.617,-1,0.0,29
1.7,1,3.0,29
1.15,1,3.0,29
1.3,1,-3.0,29
1.533,-1,-2.0,29
1.533,1,3.0,29
1.084,-1,-2.0,29
1.1,1,0.0,29
1.05,-1,-3.0,29
1.117,-1,-3.0,29
0.983,-1,1.0,29
1.25,1,0.0,29
1.4,1,3.0,29
1.117,1,3.0,29
1.217,-1,2.0,29
1.1,-1,-3.0,29
0.85,1,3.0,29
1.05,-1,2.0,29
0.7,1,-2.0,29
1.183,1,1.0,29
1.0,1,3.0,29
1.167,-1,-1.0,29
1.567,-1,-2.0,29
0.967,-1,-1.0,29
0.983,-1,-2.0,29
2.267,-1,0.0,29
1.267,-1,-1.0,29
1.316,-1,0.0,29
1.301,1,3.0,29
1.367,1,3.0,29
1.534,1,-1.0,29
1.234,1,2.0,29
1.334,1,0.0,29
1.483,1,2.0,29
1.3,1,-3.0,29
1.333,-1,1.0,29
1.65,1,-3.0,29
2.0,-1,-3.0,29
1.334,1,2.0,29
1.484,-1,-1.0,29
1.5,1,0.0,29
1.217,1,1.0,29
1.766,-1,-1.0,29
1.167,-1,1.0,29
0.967,-1,-1.0,29
0.767,-1,-1.0,29
1.767,-1,-2.0,29
1.084,-1,1.0,29
1.433,1,2.0,29
1.083,1,2.0,29
2.467,1,1.0,29
0.867,-1,-3.0,29
1.183,1,3.0,29
1.817,1,2.0,29
1.067,1,2.0,29
1.667,-1,2.0,29
1.334,-1,0.0,29
1.116,-1,-1.0,29
1.0,-1,-3.0,29
1.184,-1,-1.0,29
1.084,1,3.0,29
1.167,-1,-1.0,29
1.217,1,0.0,29
1.117,1,-2.0,29
1.184,-1,-2.0,29
1.233,1,-1.0,29
1.133,1,3.0,29
1.383,1,1.0,29
1.084,1,0.0,29
1.217,1,-3.0,29
1.0,1,2.0,29
2.001,-1,2.0,29
1.183,-1,0.0,29
1.633,-1,-3.0,29
1.334,1,1.0,29
0.934,1,2.0,29
1.1,1,-2.0,29
1.017,1,3.0,29
1.384,1,-3.0,29
1.467,1,0.0,29
1.333,1,-2.0,29
1.067,1,-3.0,29
1.034,1,3.0,29
0.75,1,-3.0,29
0.917,1,-2.0,29
0.851,1,2.0,29
1.133,1,-3.0,29
1.367,1,-3.0,29
1.034,1,3.0,29
0.766,1,2.0,29
0.9,1,0.0,29
1.35,1,0.0,29
1.067,1,2.0,29
1.45,1,1.0,29
0.934,1,3.0,29
1.5,1,0.0,29
1.201,1,-1.0,29
1.484,-1,1.0,29
1.467,-1,1.0,29
0.766,-1,-2.0,29
1.383,1,3.0,29
1.451,1,2.0,29
1.7,1,0.0,29
1.45,1,-2.0,29
0.866,1,0.0,29
1.433,1,0.0,29
1.367,1,1.0,29
0.75,1,2.0,29
1.417,-1,-1.0,29
1.067,1,0.0,29
1.6,-1,1.0,29
0.934,1,1.0,29
1.516,1,-3.0,29
1.433,-1,3.0,29
1.067,-1,-1.0,29
1.2,-1,0.0,29
1.783,-1,-1.0,29
1.233,1,0.0,29
3.234,1,0.0,29
1.567,-1,1.0,29
1.817,-1,0.0,29
1.133,1,2.0,29
1.067,1,0.0,29
1.534,1,2.0,29
1.333,1,3.0,29
1.35,-1,0.0,29
3.183,1,1.0,30
1.233,-1,1.0,30
3.434,-1,-1.0,30
1.483,1,3.0,30
3.55,1,0.0,30
1.751,-1,-3.0,30
1.417,1,2.0,30
3.05,1,0.0,30
1.05,-1,1.0,30
3.667,-1,2.0,30
1.417,1,-1.0,30
2.9,1,0.0,30
5.184,1,3.0,30
1.2,1,0.0,30
1.833,-1,-3.0,30
4.483,1,0.0,30
2.233,-1,3.0,30
3.233,1,0.0,30
5.017,1,0.0,30
2.95,-1,2.0,30
3.817,-1,-2.0,30
1.817,1,-1.0,30
2.0,1,3.0,30
2.567,1,2.0,30
2.15,1,1.0,30
5.35,1,1.0,30
4.167,-1,3.0,30
1.383,-1,-2.0,30
1.2,1,-1.0,30
1.583,1,2.0,30
2.3,1,0.0,30
3.367,1,1.0,30
1.717,1,0.0,30
2.2,-1,-3.0,30
1.983,1,1.0,30
2.484,1,-1.0,30
1.583,-1,-3.0,30
1.767,-1,-1.0,30
5.601,1,-1.0,30
2.584,1,0.0,30
2.367,-1,0.0,30
1.9,-1,1.0,30
4.201,1,1.0,30
3.316,1,1.0,30
1.651,-1,0.0,30
2.05,1,3.0,30
2.9,-1,0.0,30
1.533,1,1.0,30
4.284,1,-3.0,30
1.284,-1,1.0,30
3.501,1,1.0,30
1.067,1,2.0,30
1.616,1,0.0,30
1.834,-1,2.0,30
1.067,1,2.0,30
2.95,-1,3.0,30
2.083,-1,2.0,30
3.983,-1,2.0,30
4.016,1,0.0,30
1.483,-1,0.0,30
1.5,1,0.0,30
5.484,-1,0.0,30
1.501,1,2.0,30
5.384,1,-1.0,30
1.634,-1,-1.0,30
4.234,1,1.0,30
1.567,1,0.0,30
1.1,1,1.0,30
2.651,1,3.0,30
1.65,-1,0.0,30
2.584,-1,0.0,30
2.584,-1,3.0,30
1.417,1,1.0,30
1.667,-1,0.0,30
3.217,1,0.0,30
1.434,1,-1.0,30
2.451,1,0.0,30
2.2,1,1.0,30
1.8,-1,0.0,30
4.35,-1,1.0,30
1.9,1,1.0,30
1.3,-1,-2.0,30
1.25,1,2.0,30
5.283,1,2.0,30
2.983,1,-1.0,30
2.001,-1,0.0,30
1.117,-1,2.0,30
1.851,1,3.0,30
2.517,-1,-2.0,30
1.45,1,3.0,30
1.217,1,1.0,30
2.267,1,2.0,30
2.217,-1,-3.0,30
1.917,1,3.0,30
1.0,-1,-2.0,30
0.984,1,3.0,30
1.75,1,2.0,30
0.984,-1,3.0,30
0.851,1,0.0,30
2.884,1,0.0,30
1.201,-1,-2.0,30
1.017,1,-2.0,30
1.267,-1,-1.0,30
1.117,1,1.0,30
1.334,1,0.0,30
0.75,-1,-3.0,30
2.167,1,-3.0,30
1.2,-1,0.0,30
1.917,1,0.0,30
1.117,-1,0.0,30
1.45,1,3.0,30
1.234,-1,0.0,30
1.067,1,-3.0,30
0.867,1,1.0,30
1.317,-1,-1.0,30
1.067,1,2.0,30
0.951,-1,0.0,30
1.251,-1,0.0,30
4.167,1,1.0,30
1.234,-1,-2.0,30
1.184,1,0.0,30
1.017,-1,0.0,30
1.634,-1,0.0,30
4.134,-1,-1.0,30
1.033,1,0.0,30
5.317,1,0.0,30
0.934,-1,-1.0,30
2.55,-1,-1.0,30
1.0,1,-3.0,30
1.034,-1,-2.0,30
1.317,1,2.0,30
1.0,-1,2.0,30
1.133,1,0.0,30
1.134,-1,-2.0,30
2.117,-1,-2.0,30
5.434,1,-3.0,30
1.417,-1,-2.0,30
2.216,-1,0.0,30
1.433,-1,1.0,30
2.517,-1,0.0,30
1.25,1,0.0,30
1.551,1,-1.0,30
2.151,-1,3.0,30
1.283,1,1.0,30
2.467,1,0.0,30
1.433,1,0.0,30
0.733,-1,-1.0,30
2.883,-1,3.0,30
4.034,-1,-2.0,30
1.467,-1,0.0,30
1.85,-1,0.0,30
2.75,1,1.0,30
1.4,1,-3.0,30
1.634,-1,-3.0,30
3.3,-1,-2.0,30
2.15,1,-1.0,30
1.267,1,2.0,30
0.983,-1,-2.0,30
1.651,-1,1.0,30
1.3,1,0.0,30
1.25,1,3.0,30
1.451,-1,2.0,30
2.467,1,2.0,30
1.484,-1,1.0,30
1.751,1,-1.0,30
1.967,-1,2.0,30
1.4,1,-1.0,30
5.417,-1,-1.0,30
1.817,1,1.0,30
1.133,-1,0.0,30
0.917,-1,-2.0,30
1.5,1,0.0,30
1.183,1,-2.0,30
2.167,1,1.0,30
1.317,-1,-1.0,30
1.083,1,-1.0,30
1.267,1,0.0,30
1.5,1,0.0,30
1.317,1,2.0,30
1.034,1,0.0,30
1.284,-1,-3.0,30
1.084,-1,2.0,30
2.183,1,0.0,30
1.2,-1,-2.0,30
0.95,1,0.0,30
1.334,-1,0.0,30
1.117,1,3.0,30
1.267,1,0.0,30
1.617,-1,0.0,30
1.351,-1,-3.0,30
1.216,1,3.0,30
1.233,1,0.0,30
1.534,1,0.0,30
1.282,1,1.0,31
1.717,1,3.0,31
1.217,1,3.0,31
1.116,1,2.0,31
1.834,-1,-2.0,31
1.584,1,-1.0,31
2.017,1,2.0,31
2.95,-1,1.0,31
1.683,1,2.0,31
1.383,1,-1.0,31
2.1,-1,-1.0,31
2.701,1,0.0,31
1.85,-1,0.0,31
3.45,1,1.0,31
1.967,-1,-1.0,31
2.567,1,2.0,31
1.5,1,1.0,31
2.034,1,-1.0,31
1.667,1,-2.0,31
2.05,-1,0.0,31
1.1,-1,2.0,31
1.533,-1,-3.0,31
2.35,1,3.0,31
3.6,-1,-2.0,31
1.651,-1,3.0,31
1.867,1,2.0,31
1.5,1,-1.0,31
2.833,-1,-2.0,31
1.2,-1,2.0,31
3.733,-1,0.0,31
1.516,-1,0.0,31
1.55,1,3.0,31
1.417,1,3.0,31
1.583,-1,-2.0,31
1.0,1,-1.0,31
2.834,-1,0.0,31
1.666,1,2.0,31
2.034,1,0.0,31
1.284,1,3.0,31
1.216,-1,-1.0,31
1.784,-1,0.0,31
1.651,-1,0.0,31
1.367,1,0.0,31
1.717,1,0.0,31
1.617,1,-3.0,31
3.151,-1,-2.0,31
3.3,-1,-1.0,31
1.284,-1,-1.0,31
1.65,1,1.0,31
2.75,1,1.0,31
1.767,1,2.0,31
2.65,1,3.0,31
1.733,1,0.0,31
2.05,1,2.0,31
2.533,1,-1.0,31
0.984,-1,0.0,31
1.183,-1,0.0,31
0.984,-1,-3.0,31
1.234,1,2.0,31
0.9,1,1.0,31
0.883,-1,-3.0,31
1.367,1,2.0,31
1.116,-1,1.0,31
1.817,1,-1.0,31
0.9,-1,-1.0,31
3.433,-1,-2.0,31
1.267,1,3.0,31
1.45,1,-1.0,31
0.817,-1,-2.0,31
2.483,1,0.0,31
3.683,1,1.0,31
1.583,1,3.0,31
3.534,-1,-1.0,31
3.917,1,2.0,31
1.367,-1,0.0,31
1.4,-1,0.0,31
1.5,1,2.0,31
3.433,1,3.0,31
3.233,1,0.0,31
1.983,-1,0.0,31
1.9,-1,0.0,31
1.55,1,3.0,31
1.767,-1,0.0,31
3.651,-1,-1.0,31
1.2,1,2.0,31
3.467,-1,0.0,31
1.4,1,2.0,31
0.933,-1,0.0,31
1.25,-1,2.0,31
1.484,1,1.0,31
1.101,-1,-2.0,31
1.567,1,0.0,31
2.367,-1,-2.0,31
1.7,1,0.0,31
2.667,1,1.0,31
1.35,1,2.0,31
1.717,1,3.0,31
1.933,-1,-3.0,31
2.85,-1,-3.0,31
2.584,1,3.0,31
2.283,-1,-3.0,31
1.6,-1,0.0,31
1.384,-1,2.0,31
2.867,1,0.0,31
1.384,-1,0.0,31
1.551,-1,1.0,31
3.017,1,0.0,31
2.133,-1,-1.0,31
1.383,-1,-2.0,31
1.617,1,3.0,31
3.416,1,0.0,31
1.567,1,3.0,31
2.717,-1,-1.0,31
1.55,-1,-2.0,31
2.184,-1,1.0,31
2.367,1,0.0,31
2.867,1,1.0,31
1.65,1,0.0,31
1.067,-1,-3.0,31
1.383,1,-1.0,31
2.5,-1,-3.0,31
1.617,-1,-1.0,31
1.617,1,2.0,31
2.733,-1,0.0,31
1.683,-1,-3.0,31
2.417,-1,-2.0,31
1.317,-1,0.0,31
1.133,1,0.0,31
1.7,-1,-1.0,31
2.634,-1,1.0,31
1.383,-1,-3.0,31
1.25,-1,2.0,31
1.05,-1,-1.0,31
3.783,1,-1.0,31
2.934,1,1.0,31
2.817,1,-2.0,31
1.933,-1,1.0,31
2.25,-1,-3.0,31
2.633,1,-2.0,31
2.383,-1,0.0,31
1.867,-1,-1.0,31
1.983,-1,-3.0,31
2.633,1,3.0,31
1.333,-1,-1.0,31
1.65,-1,2.0,31
1.883,-1,-1.0,31
2.734,1,0.0,31
1.634,-1,-3.0,31
3.434,1,1.0,31
1.5,1,3.0,31
2.1,1,3.0,31
0.967,-1,-3.0,31
1.734,-1,-3.0,31
1.833,-1,0.0,31
1.333,1,-1.0,31
1.101,-1,0.0,31
1.55,1,1.0,31
1.417,-1,-1.0,31
1.8,-1,-2.0,31
3.15,1,0.0,31
3.433,1,0.0,31
2.917,-1,3.0,31
1.317,-1,-3.0,31
3.001,-1,-3.0,31
1.4,-1,-3.0,31
2.817,1,1.0,31
1.917,-1,0.0,31
1.15,-1,0.0,31
1.3,1,0.0,31
1.3,-1,3.0,31
0.984,-1,-1.0,31
1.517,1,2.0,31
2.55,1,2.0,31
1.45,-1,-1.0,31
1.25,-1,0.0,31
1.317,1,0.0,31
2.0,1,2.0,31
2.8,1,-1.0,31
2.116,1,1.0,31
2.834,1,3.0,31
3.4,1,1.0,31
1.75,-1,3.0,31
1.5,1,2.0,31
2.267,-1,1.0,31
1.233,1,3.0,31
1.834,1,1.0,31
1.367,-1,-2.0,31
2.633,-1,-3.0,31
1.317,1,2.0,31
2.65,1,-1.0,31
1.883,-1,-1.0,31
1.283,1,1.0,31
1.117,-1,-2.0,31
1.25,1,3.0,31
3.783,-1,-2.0,31
1.5,-1,-3.0,31
1.35,-1,2.0,31
1.25,1,-3.0,31
1.65,-1,-3.0,31
1.784,-1,-2.0,31
4.3,1,3.0,32
1.25,1,2.0,32
2.034,1,2.0,32
1.467,-1,0.0,32
2.134,-1,3.0,32
1.566,1,3.0,32
1.383,-1,-3.0,32
1.433,-1,2.0,32
3.184,-1,-1.0,32
1.583,-1,3.0,32
0.983,1,3.0,32
1.301,-1,-2.0,32
1.167,1,0.0,32
0.967,-1,-1.0,32
1.117,1,3.0,32
2.25,-1,0.0,32
1.566,1,1.0,32
1.234,-1,-1.0,32
4.35,-1,3.0,32
1.183,1,-2.0,32
1.2,1,2.0,32
1.25,1,3.0,32
1.267,1,-2.0,32
1.267,1,-2.0,32
1.317,-1,0.0,32
1.767,1,1.0,32
3.651,1,0.0,32
1.35,-1,0.0,32
1.65,1,-3.0,32
1.134,1,2.0,32
1.601,-1,-3.0,32
2.883,1,-3.0,32
0.834,-1,0.0,32
1.234,-1,-1.0,32
0.933,-1,1.0,32
1.683,-1,-3.0,32
1.283,1,2.0,32
1.534,1,0.0,32
1.384,1,0.0,32
3.151,-1,0.0,32
2.2,-1,0.0,32
4.55,1,0.0,32
1.067,-1,-3.0,32
2.767,-1,-2.0,32
2.05,-1,-2.0,32
1.301,-1,-3.0,32
0.983,1,-2.0,32
3.217,-1,-2.0,32
1.4,-1,-2.0,32
1.267,1,1.0,32
1.766,1,1.0,32
1.767,1,0.0,32
1.134,-1,-2.0,32
1.4,-1,-3.0,32
1.333,1,2.0,32
1.817,1,0.0,32
1.2,1,-1.0,32
1.417,-1,-3.0,32
3.367,1,-1.0,32
1.334,-1,1.0,32
1.5,-1,-2.0,32
2.634,-1,-1.0,32
1.784,-1,3.0,32
1.884,1,0.0,32
1.167,1,2.0,32
2.484,1,-1.0,32
1.45,-1,-1.0,32
1.917,1,2.0,32
3.267,1,0.0,32
1.834,-1,0.0,32
1.45,-1,-3.0,32
1.05,-1,-1.0,32
1.717,1,1.0,32
2.133,1,-2.0,32
1.05,1,0.0,32
1.667,1,3.0,32
1.733,1,1.0,32
3.7,1,-1.0,32
2.4,-1,-1.0,32
1.601,1,1.0,32
1.75,1,3.0,32
1.717,1,1.0,32
1.667,-1,2.0,32
1.801,-1,-3.0,32
1.8,1,0.0,32
0.75,1,2.0,32
1.501,-1,2.0,32
4.183,-1,2.0,32
1.116,1,3.0,32
0.983,-1,-3.0,32
1.65,1,-3.0,32
1.05,1,-1.0,32
1.234,-1,3.0,32
1.45,-1,0.0,32
1.717,1,1.0,32
2.15,-1,-2.0,32
1.683,1,-3.0,32
1.001,1,3.0,32
1.233,-1,0.0,32
1.35,1,2.0,32
0.983,1,0.0,32
2.583,-1,2.0,32
1.084,1,1.0,32
1.367,-1,2.0,32
3.85,1,1.0,32
0.834,-1,0.0,32
0.817,1,1.0,32
1.716,1,2.0,32
0.717,1,3.0,32
1.234,1,2.0,32
2.05,-1,3.0,32
1.034,1,3.0,32
0.9,1,0.0,32
1.05,1,0.0,32
1.151,1,-1.0,32
2.316,-1,1.0,32
1.333,-1,2.0,32
1.55,-1,3.0,32
2.001,1,1.0,32
1.283,1,0.0,32
1.351,1,1.0,32
1.75,-1,1.0,32
1.217,-1,3.0,32
2.634,-1,-3.0,32
3.4,1,1.0,32
1.217,-1,0.0,32
1.301,1,3.0,32
1.65,-1,-1.0,32
2.283,1,1.0,32
0.85,1,0.0,32
0.75,1,3.0,32
1.066,-1,-3.0,32
1.534,-1,-2.0,32
0.767,1,3.0,32
1.767,1,2.0,32
1.183,1,-1.0,32
1.684,1,0.0,32
0.916,1,0.0,32
1.117,-1,-1.0,32
4.5,-1,-2.0,32
1.783,-1,0.0,32
2.317,1,1.0,32
2.35,1,2.0,32
1.634,-1,-1.0,32
2.7,1,-3.0,32
2.634,-1,-2.0,32
1.367,1,1.0,32
1.417,1,0.0,32
1.417,1,1.0,32
1.283,1,1.0,32
0.817,-1,-3.0,32
0.867,-1,-2.0,32
0.7,-1,1.0,32
1.167,-1,0.0,32
1.701,1,-1.0,32
1.317,1,-2.0,32
1.8,-1,2.0,32
1.4,1,-1.0,32
1.6,-1,0.0,32
3.684,1,-3.0,32
1.384,-1,-1.0,32
2.05,-1,2.0,32
1.7,1,1.0,32
3.734,-1,1.0,32
1.55,-1,-3.0,32
1.4,-1,-1.0,32
1.5,-1,0.0,32
1.417,-1,-2.0,32
2.1,-1,-1.0,32
1.35,-1,-3.0,32
1.116,-1,-2.0,32
1.084,-1,-1.0,32
1.25,-1,1.0,32
1.367,1,3.0,32
0.901,-1,0.0,32
0.851,1,0.0,32
1.551,1,3.0,32
2.084,-1,2.0,32
3.0,-1,1.0,32
1.783,1,1.0,32
1.783,1,3.0,32
5.283,1,3.0,32
0.817,1,2.0,32
0.967,1,3.0,32
1.633,1,2.0,32
1.0,1,3.0,32
1.067,-1,2.0,32
1.784,1,2.0,32
1.767,-1,-1.0,32
1.1,-1,2.0,32
0.834,1,2.0,32
1.333,1,0.0,32
1.417,1,0.0,32
2.064,-1,-2.0,33
2.1,1,-1.0,33
2.117,-1,1.0,33
1.767,-1,-1.0,33
2.817,1,-1.0,33
1.55,-1,-1.0,33
1.4,-1,-3.0,33
3.383,1,-2.0,33
3.201,-1,-2.0,33
1.633,1,1.0,33
1.133,-1,-2.0,33
3.051,-1,-1.0,33
2.766,1,0.0,33
2.483,-1,-2.0,33
1.434,-1,0.0,33
1.367,1,2.0,33
1.867,1,1.0,33
4.784,1,1.0,33
2.017,-1,1.0,33
1.351,-1,1.0,33
1.316,-1,-1.0,33
2.85,-1,2.0,33
1.167,1,0.0,33
1.217,-1,0.0,33
2.434,1,-2.0,33
2.75,1,2.0,33
2.25,-1,0.0,33
3.4,-1,-3.0,33
1.367,1,0.0,33
1.183,-1,1.0,33
1.25,-1,-3.0,33
1.483,1,-2.0,33
1.233,-1,-1.0,33
1.184,-1,2.0,33
2.167,1,0.0,33
2.85,1,-3.0,33
1.75,1,1.0,33
1.201,-1,-1.0,33
1.633,1,0.0,33
2.95,1,0.0,33
1.251,1,0.0,33
1.817,-1,0.0,33
1.601,-1,2.0,33
2.367,1,-2.0,33
3.567,1,2.0,33
2.134,-1,1.0,33
1.183,1,1.0,33
2.334,1,-2.0,33
1.834,1,0.0,33
1.5,-1,0.0,33
2.15,1,0.0,33
3.117,1,-2.0,33
3.067,-1,-2.0,33
1.484,1,-1.0,33
1.467,1,3.0,33
1.267,-1,-3.0,33
2.05,1,3.0,33
2.017,1,-1.0,33
1.95,-1,0.0,33
1.117,-1,0.0,33
1.234,1,2.0,33
1.884,1,-2.0,33
1.701,1,-2.0,33
2.15,-1,0.0,33
1.334,1,3.0,33
4.0,1,-3.0,33
1.8,-1,0.0,33
4.117,1,1.0,33
1.983,-1,0.0,33
1.534,1,3.0,33
1.967,1,-2.0,33
4.317,1,2.0,33
2.017,1,0.0,33
1.584,-1,-3.0,33
1.867,-1,-1.0,33
2.316,-1,-1.0,33
2.416,-1,2.0,33
1.734,1,3.0,33
1.283,1,-3.0,33
1.9,-1,-1.0,33
1.567,-1,-3.0,33
1.684,1,1.0,33
1.533,-1,1.0,33
1.283,1,-2.0,33
1.167,-1,0.0,33
2.084,1,0.0,33
1.767,-1,-2.0,33
1.367,1,1.0,33
1.567,1,0.0,33
1.3,-1,0.0,33
1.85,-1,2.0,33
1.584,-1,-2.0,33
1.334,-1,-1.0,33
0.867,-1,0.0,33
1.117,-1,0.0,33
1.95,-1,-3.0,33
1.701,1,-1.0,33
1.733,1,-2.0,33
3.1,-1,-3.0,33
1.75,1,0.0,33
1.4,-1,-1.0,33
1.667,-1,2.0,33
0.967,-1,-2.0,33
2.05,-1,-2.0,33
1.484,-1,3.0,33
1.6,-1,-3.0,33
3.784,1,1.0,33
2.033,-1,-2.0,33
1.117,-1,0.0,33
1.434,-1,-3.0,33
2.551,1,0.0,33
1.101,1,-1.0,33
1.051,1,2.0,33
1.817,-1,1.0,33
1.717,-1,0.0,33
1.201,-1,-2.0,33
0.767,-1,0.0,33
3.384,1,2.0,33
2.183,1,3.0,33
1.6,1,-2.0,33
1.35,-1,-3.0,33
1.334,1,1.0,33
1.284,1,0.0,33
1.817,1,0.0,33
2.183,1,1.0,33
1.25,1,-1.0,33
1.733,1,3.0,33
0.851,-1,-3.0,33
2.301,-1,0.0,33
3.866,1,-3.0,33
1.3,1,-1.0,33
1.934,1,-1.0,33
1.467,-1,1.0,33
1.334,-1,-2.0,33
0.933,-1,-3.0,33
1.017,-1,-3.0,33
2.284,1,-1.0,33
1.283,-1,0.0,33
4.4,1,2.0,33
0.867,1,0.0,33
1.283,-1,0.0,33
3.283,-1,2.0,33
0.95,1,0.0,33
1.717,-1,-2.0,33
1.934,-1,0.0,33
1.867,-1,0.0,33
2.334,1,2.0,33
1.116,-1,3.0,33
1.384,-1,-3.0,33
1.134,-1,0.0,33
1.101,-1,1.0,33
1.35,1,-1.0,33
1.15,1,3.0,33
1.05,-1,-3.0,33
1.567,-1,-3.0,33
1.717,1,-3.0,33
5.084,-1,2.0,33
1.833,-1,3.0,33
1.617,-1,-1.0,33
1.451,1,2.0,33
0.816,-1,0.0,33
1.65,1,-2.0,33
1.567,1,0.0,33
1.934,1,2.0,33
1.234,1,3.0,33
2.034,1,3.0,33
3.017,1,-1.0,33
1.8,1,1.0,33
1.65,-1,-2.0,33
1.484,-1,-3.0,33
1.667,-1,-3.0,33
2.3,1,3.0,33
1.684,1,0.0,33
0.867,1,0.0,33
1.867,-1,-3.0,33
1.651,1,1.0,33
1.033,-1,-3.0,33
3.567,-1,2.0,33
0.934,-1,0.0,33
1.067,-1,2.0,33
0.85,-1,0.0,33
1.916,-1,-2.0,33
2.617,1,0.0,33
1.517,-1,0.0,33
0.734,1,0.0,33
1.184,-1,-3.0,33
0.917,-1,0.0,33
1.95,1,3.0,33
1.5,-1,1.0,33
2.184,-1,-2.0,33
0.85,-1,-3.0,33
1.25,-1,-3.0,33
3.067,-1,1.0,33
1.767,-1,3.0,33
2.317,-1,1.0,33
0.817,-1,0.0,33
1.267,-1,-1.0,34
1.784,-1,-2.0,34
1.683,-1,0.0,34
1.784,-1,-2.0,34
1.251,1,-3.0,34
1.367,1,3.0,34
1.9,1,2.0,34
1.217,1,0.0,34
0.867,-1,3.0,34
2.0,1,1.0,34
1.167,-1,-3.0,34
1.85,-1,0.0,34
1.967,1,2.0,34
1.184,-1,-3.0,34
1.034,-1,-2.0,34
1.534,1,0.0,34
1.234,-1,-1.0,34
1.684,-1,1.0,34
1.033,-1,0.0,34
1.384,1,0.0,34
2.001,1,0.0,34
1.2,-1,3.0,34
1.317,-1,3.0,34
1.334,-1,-2.0,34
1.45,-1,3.0,34
2.084,1,2.0,34
1.567,1,-2.0,34
1.417,1,2.0,34
1.2,-1,1.0,34
1.8,-1,-2.0,34
1.45,1,-1.0,34
0.817,1,3.0,34
1.2,-1,3.0,34
1.55,-1,-1.0,34
1.0,-1,-2.0,34
1.317,1,1.0,34
0.966,-1,-3.0,34
1.55,1,-2.0,34
0.833,-1,0.0,34
1.233,1,3.0,34
1.333,1,0.0,34
1.267,-1,-3.0,34
0.834,1,0.0,34
1.2,1,3.0,34
1.75,1,1.0,34
2.217,-1,-2.0,34
2.3,1,1.0,34
1.15,1,3.0,34
1.05,-1,-3.0,34
1.467,1,2.0,34
1.034,-1,-3.0,34
1.133,1,2.0,34
1.917,-1,1.0,34
1.066,1,0.0,34
1.334,1,1.0,34
1.267,-1,1.0,34
1.484,1,0.0,34
1.234,1,-2.0,34
1.283,1,1.0,34
1.517,1,3.0,34
0.934,-1,1.0,34
1.417,-1,-2.0,34
1.451,1,1.0,34
1.051,-1,3.0,34
1.3,-1,-1.0,34
0.817,1,1.0,34
0.951,1,3.0,34
0.984,1,-2.0,34
1.517,1,3.0,34
0.817,-1,-3.0,34
1.233,1,0.0,34
1.117,1,2.0,34
1.234,-1,1.0,34
0.983,-1,-2.0,34
0.817,1,-1.0,34
1.401,1,-1.0,34
1.033,-1,3.0,34
2.084,1,-2.0,34
1.55,-1,3.0,34
1.667,-1,-3.0,34
1.601,-1,-3.0,34
1.884,-1,0.0,34
1.3,-1,2.0,34
0.867,1,3.0,34
1.284,-1,0.0,34
0.883,1,-2.0,34
0.684,-1,3.0,34
1.183,-1,-3.0,34
0.851,-1,0.0,34
0.767,1,1.0,34
1.1,1,-3.0,34
1.267,1,1.0,34
1.367,-1,-2.0,34
0.9,-1,0.0,34
1.067,-1,0.0,34
1.267,-1,3.0,34
0.934,1,0.0,34
1.05,-1,1.0,34
1.05,1,3.0,34
1.284,-1,-2.0,34
1.117,1,0.0,34
1.6,1,-1.0,34
1.317,1,-2.0,34
1.05,-1,0.0,34
1.484,-1,-1.0,34
1.216,1,1.0,34
1.2,1,-3.0,34
1.684,1,1.0,34
0.983,1,-1.0,34
0.817,1,3.0,34
1.6,1,-2.0,34
0.667,-1,0.0,34
0.883,1,3.0,34
0.634,1,0.0,34
0.767,-1,-3.0,34
0.667,1,2.0,34
0.634,1,-1.0,34
0.8,-1,0.0,34
1.25,1,-1.0,34
0.717,-1,3.0,34
0.717,1,0.0,34
0.767,-1,-2.0,34
0.967,1,-1.0,34
0.734,1,-2.0,34
1.333,1,-2.0,34
0.817,1,0.0,34
0.767,1,-2.0,34
0.917,-1,1.0,34
0.884,1,1.0,34
0.934,1,0.0,34
0.666,1,-3.0,34
0.667,-1,-1.0,34
1.167,1,0.0,34
1.234,1,-1.0,34
0.717,1,2.0,34
1.367,-1,-1.0,34
1.216,1,1.0,34
1.701,-1,-2.0,34
1.133,1,0.0,34
0.767,-1,-2.0,34
0.6,1,3.0,34
1.95,1,1.0,34
1.134,-1,0.0,34
0.967,-1,-2.0,34
1.417,1,-1.0,34
1.117,-1,0.0,34
0.867,-1,-1.0,34
0.817,1,-1.0,34
0.817,-1,0.0,34
0.883,-1,-3.0,34
0.8,-1,0.0,34
0.75,-1,2.0,34
1.017,-1,-3.0,34
0.7,-1,-3.0,34
1.483,1,-2.0,34
0.634,-1,-2.0,34
0.95,1,1.0,34
0.733,1,0.0,34
0.583,1,3.0,34
0.833,-1,-3.0,34
0.634,-1,3.0,34
0.733,-1,1.0,34
1.033,1,1.0,34
0.666,1,2.0,34
0.884,-1,0.0,34
0.733,1,-1.0,34
0.634,1,3.0,34
1.034,1,0.0,34
1.05,1,-1.0,34
1.017,1,-2.0,34
1.101,1,1.0,34
1.117,1,0.0,34
1.016,-1,0.0,34
1.6,1,0.0,34
1.317,-1,3.0,34
1.1,-1,1.0,34
1.401,1,2.0,34
0.7,1,0.0,34
0.516,-1,-1.0,34
0.717,1,2.0,34
0.517,-1,-1.0,34
0.667,1,-3.0,34
0.617,1,0.0,34
1.15,1,0.0,34
0.616,-1,0.0,34
0.7,1,0.0,34
0.901,1,0.0,34
0.766,1,3.0,34
0.85,-1,2.0,34
0.583,1,3.0,34
0.583,1,0.0,34
0.533,-1,0.0,34
1.917,1,-3.0,35
1.517,-1,-1.0,35
2.283,1,0.0,35
2.234,1,0.0,35
2.55,-1,0.0,35
5.033,-1,-1.0,35
3.067,1,0.0,35
4.367,1,3.0,35
3.201,-1,1.0,35
3.417,1,-1.0,35
1.933,-1,-1.0,35
2.4,1,1.0,35
2.717,-1,-1.0,35
2.3,1,2.0,35
2.517,1,-1.0,35
2.667,1,1.0,35
1.284,1,3.0,35
2.4,1,2.0,35
3.1,1,3.0,35
4.35,1,3.0,35
1.3,-1,-2.0,35
1.267,1,3.0,35
1.383,1,2.0,35
1.266,-1,-3.0,35
1.5,1,3.0,35
0.967,1,2.0,35
1.733,-1,-3.0,35
3.917,-1,-3.0,35
3.034,-1,1.0,35
2.1,-1,-3.0,35
2.534,1,3.0,35
3.234,-1,-3.0,35
1.734,-1,3.0,35
2.534,-1,1.0,35
5.734,1,1.0,35
1.751,1,-1.0,35
2.15,-1,-2.0,35
1.45,-1,0.0,35
1.883,1,3.0,35
4.933,1,0.0,35
3.517,-1,-1.0,35
3.151,1,1.0,35
3.317,1,2.0,35
3.701,1,1.0,35
3.117,1,0.0,35
4.6,1,2.0,35
2.767,1,1.0,35
3.1,-1,0.0,35
2.45,1,-3.0,35
3.034,-1,1.0,35
2.133,-1,-2.0,35
1.75,1,2.0,35
3.683,-1,-3.0,35
2.517,-1,-3.0,35
1.117,1,1.0,35
2.017,1,0.0,35
4.067,1,1.0,35
2.167,-1,-2.0,35
2.434,1,2.0,35
1.9,1,3.0,35
3.167,1,1.0,35
2.583,1,0.0,35
2.017,-1,-3.0,35
3.267,-1,-1.0,35
2.667,1,3.0,35
3.75,-1,-3.0,35
1.05,1,0.0,35
1.867,1,1.0,35
1.717,-1,0.0,35
1.834,1,0.0,35
1.017,1,0.0,35
1.5,1,3.0,35
3.083,-1,2.0,35
4.484,-1,-2.0,35
3.017,-1,-1.0,35
2.6,-1,-3.0,35
2.117,-1,0.0,35
1.834,1,-2.0,35
3.333,1,0.0,35
4.517,-1,-2.0,35
2.35,1,3.0,35
2.367,-1,0.0,35
4.467,-1,0.0,35
1.517,-1,-3.0,35
2.65,-1,-3.0,35
2.667,-1,1.0,35
2.967,-1,1.0,35
1.167,1,2.0,35
1.833,1,-1.0,35
5.967,-1,-2.0,35
2.734,-1,-3.0,35
1.684,-1,-3.0,35
3.117,-1,-2.0,35
2.601,-1,3.0,35
3.45,-1,2.0,35
0.884,1,0.0,35
1.734,-1,-1.0,35
2.817,1,0.0,35
3.534,-1,1.0,35
1.517,-1,-3.0,35
2.384,1,3.0,35
4.584,-1,0.0,35
1.233,1,1.0,35
3.651,-1,-3.0,35
2.217,1,3.0,35
1.866,-1,-2.0,35
3.967,-1,-3.0,35
1.567,-1,-1.0,35
2.334,1,1.0,35
3.901,1,0.0,35
0.917,1,0.0,35
4.734,-1,1.0,35
2.767,-1,2.0,35
1.917,-1,-2.0,35
3.867,1,2.0,35
1.95,1,2.0,35
3.617,1,-2.0,35
1.833,1,2.0,35
2.751,-1,-1.0,35
2.083,-1,-1.0,35
4.467,-1,-3.0,35
1.4,1,-3.0,35
3.9,-1,0.0,35
4.8,1,-3.0,35
2.0,-1,-3.0,35
1.384,-1,0.0,35
2.283,-1,-3.0,35
1.967,-1,0.0,35
1.366,-1,-1.0,35
1.934,1,-2.0,35
2.851,1,2.0,35
4.4,1,0.0,35
3.017,1,0.0,35
1.834,-1,-2.0,35
4.35,-1,1.0,35
1.867,1,1.0,35
1.616,1,2.0,35
2.017,1,2.0,35
2.6,1,2.0,35
3.917,-1,-2.0,35
1.633,-1,1.0,35
1.6,-1,-2.0,35
1.3,-1,-3.0,35
2.301,-1,0.0,35
4.051,-1,0.0,35
1.25,1,3.0,35
3.45,-1,3.0,35
1.434,1,0.0,35
2.967,-1,0.0,35
1.734,-1,-1.0,35
1.317,1,-2.0,35
1.667,-1,-1.0,35
1.417,-1,0.0,35
3.801,1,-1.0,35
1.267,-1,-1.0,35
5.867,-1,0.0,35
2.533,1,0.0,35
1.633,1,2.0,35
5.483,1,-3.0,35
2.667,1,1.0,35
1.483,1,1.0,35
1.433,-1,0.0,35
2.017,1,-1.0,35
2.233,-1,-2.0,35
2.4,1,0.0,35
1.383,-1,-1.0,35
1.25,-1,1.0,35
1.667,1,0.0,35
2.484,-1,-2.0,35
2.283,-1,3.0,35
3.0,-1,-3.0,35
3.101,-1,-1.0,35
3.35,1,0.0,35
1.551,-1,-3.0,35
1.801,1,0.0,35
1.767,-1,-3.0,35
3.933,-1,-2.0,35
4.601,-1,-3.0,35
1.417,1,1.0,35
1.617,1,2.0,35
1.25,1,3.0,35
3.867,-1,1.0,35
2.2,-1,0.0,35
1.4,1,0.0,35
1.484,-1,2.0,35
1.35,-1,-3.0,35
1.3,1,2.0,35
2.384,-1,-3.0,35
1.333,-1,-2.0,35
2.317,-1,-1.0,35
3.134,1,3.0,35
1.331,-1,-3.0,36
1.083,1,0.0,36
0.984,1,3.0,36
1.517,-1,-3.0,36
1.233,-1,-1.0,36
1.7,-1,0.0,36
2.484,-1,2.0,36
1.517,1,1.0,36
1.584,-1,-2.0,36
1.567,1,1.0,36
2.75,-1,0.0,36
1.583,1,2.0,36
1.184,1,2.0,36
1.6,1,-2.0,36
1.817,1,1.0,36
1.2,-1,0.0,36
3.984,1,3.0,36
1.9,1,0.0,36
1.133,1,3.0,36
2.317,-1,-3.0,36
2.2,1,-3.0,36
1.534,1,0.0,36
1.033,-1,-3.0,36
1.233,-1,-1.0,36
1.35,1,2.0,36
1.8,-1,0.0,36
1.367,1,2.0,36
1.05,1,1.0,36
1.55,1,3.0,36
1.134,1,1.0,36
1.85,-1,-3.0,36
0.95,1,2.0,36
1.417,-1,-2.0,36
1.401,1,2.0,36
1.334,-1,0.0,36
2.0,-1,2.0,36
1.484,-1,-3.0,36
1.366,1,2.0,36
1.584,-1,-3.0,36
2.767,-1,1.0,36
1.35,-1,1.0,36
1.383,1,0.0,36
1.383,-1,-3.0,36
2.167,1,1.0,36
1.234,-1,-1.0,36
1.934,1,-2.0,36
1.55,-1,0.0,36
2.317,1,-1.0,36
1.817,-1,-2.0,36
1.317,1,-1.0,36
2.883,-1,0.0,36
1.484,1,3.0,36
2.667,-1,-2.0,36
1.517,1,0.0,36
1.516,-1,-2.0,36
1.234,1,-3.0,36
1.55,-1,-2.0,36
1.783,1,3.0,36
0.984,-1,-2.0,36
1.4,-1,2.0,36
1.567,-1,-3.0,36
1.351,-1,-3.0,36
1.85,-1,-1.0,36
2.783,-1,0.0,36
1.55,-1,2.0,36
1.333,1,0.0,36
1.75,1,-2.0,36
1.384,1,1.0,36
1.867,-1,-2.0,36
2.0,-1,-3.0,36
1.251,-1,0.0,36
2.55,1,-2.0,36
2.683,-1,0.0,36
1.467,-1,-2.0,36
2.434,-1,-1.0,36
1.067,-1,-2.0,36
2.101,-1,2.0,36
1.167,-1,-2.0,36
2.05,1,0.0,36
1.767,1,-1.0,36
1.417,1,2.0,36
1.484,-1,-1.0,36
1.283,-1,-3.0,36
1.467,1,1.0,36
1.65,-1,0.0,36
1.85,1,-1.0,36
1.584,-1,-1.0,36
1.333,1,2.0,36
1.433,-1,2.0,36
1.367,1,2.0,36
1.434,1,0.0,36
1.334,1,-1.0,36
1.35,-1,-1.0,36
1.1,1,2.0,36
2.467,1,3.0,36
1.634,1,-1.0,36
1.017,1,-3.0,36
0.9,1,3.0,36
1.333,-1,-3.0,36
0.967,-1,-3.0,36
0.983,1,-1.0,36
1.434,1,3.0,36
1.183,-1,-1.0,36
1.55,-1,-1.0,36
2.167,1,-1.0,36
1.4,-1,0.0,36
1.433,-1,0.0,36
1.533,-1,1.0,36
1.5,-1,-1.0,36
1.4,1,0.0,36
2.317,-1,1.0,36
1.116,-1,0.0,36
2.034,-1,-3.0,36
1.217,1,1.0,36
2.2,1,2.0,36
1.284,1,1.0,36
1.167,-1,-2.0,36
0.984,1,2.0,36
2.933,1,1.0,36
1.383,1,1.0,36
1.617,1,-3.0,36
1.817,1,-1.0,36
1.533,-1,0.0,36
1.733,1,2.0,36
1.233,-1,-1.0,36
1.233,1,3.0,36
2.25,1,2.0,36
1.967,1,2.0,36
1.384,-1,-3.0,36
1.967,1,-2.0,36
1.451,1,0.0,36
1.334,1,2.0,36
1.25,1,3.0,36
1.15,-1,2.0,36
1.317,-1,-2.0,36
1.833,1,2.0,36
1.351,1,0.0,36
1.3,1,2.0,36
1.5,-1,-2.0,36
1.067,1,1.0,36
1.217,-1,-1.0,36
0.817,1,1.0,36
0.867,1,2.0,36
1.117,-1,0.0,36
1.534,-1,1.0,36
1.233,-1,2.0,36
3.134,1,0.0,36
1.3,1,0.0,36
1.55,1,0.0,36
2.817,-1,-2.0,36
1.617,-1,-2.0,36
1.167,1,-1.0,36
2.333,-1,-3.0,36
1.633,1,2.0,36
2.25,-1,-3.0,36
1.55,1,0.0,36
2.717,-1,-3.0,36
2.017,1,0.0,36
0.917,1,3.0,36
1.034,1,-1.0,36
1.466,-1,-3.0,36
1.167,-1,-1.0,36
1.617,1,-3.0,36
1.033,-1,0.0,36
1.2,1,1.0,36
1.267,-1,-2.0,36
1.217,-1,1.0,36
1.0,-1,-1.0,36
0.833,1,3.0,36
1.65,-1,1.0,36
1.684,-1,0.0,36
2.017,-1,0.0,36
1.317,1,1.0,36
1.383,-1,-3.0,36
1.617,1,-2.0,36
1.184,-1,-1.0,36
2.05,1,0.0,36
1.367,1,-1.0,36
1.301,-1,1.0,36
1.5,1,2.0,36
1.083,1,2.0,36
0.984,1,-1.0,36
1.05,1,0.0,36
1.617,1,1.0,36
0.984,1,1.0,36
1.384,1,0.0,36
0.917,-1,0.0,36
1.667,1,1.0,36
1.284,1,0.0,36
1.45,-1,1.0,36
1.501,-1,0.0,36
2.017,-1,-2.0,36
1.217,1,3.0,36
1.917,-1,0.0,36
1.383,-1,-2.0,36
0.916,1,3.0,36
0.984,1,3.0,36
1.667,-1,-1.0,36
1.433,1,-1.0,36
1.251,-1,0.0,36
1.784,1,3.0,37
2.7,-1,-2.0,37
1.2,-1,-2.0,37
1.417,1,1.0,37
4.8,-1,-2.0,37
2.984,-1,-2.0,37
1.8,1,-1.0,37
1.683,-1,0.0,37
4.3,-1,0.0,37
2.384,1,1.0,37
4.983,-1,0.0,37
3.667,-1,1.0,37
3.884,1,2.0,37
2.217,1,3.0,37
2.867,1,0.0,37
3.584,1,-1.0,37
4.034,1,1.0,37
3.233,-1,0.0,37
4.467,1,1.0,37
2.15,1,2.0,37
4.75,1,0.0,37
2.717,1,0.0,37
3.15,-1,-1.0,37
5.5,-1,2.0,37
2.567,1,1.0,37
2.984,-1,-1.0,37
3.966,-1,3.0,37
3.367,-1,-2.0,37
1.684,-1,0.0,37
1.583,-1,-3.0,37
1.617,-1,-3.0,37
1.45,1,3.0,37
1.7,-1,-3.0,37
4.184,-1,2.0,37
1.667,-1,0.0,37
2.517,-1,0.0,37
3.15,-1,0.0,37
2.4,-1,-1.0,37
4.15,1,-3.0,37
5.333,1,-2.0,37
1.55,-1,-3.0,37
4.65,-1,0.0,37
1.917,-1,-2.0,37
3.767,-1,2.0,37
1.234,-1,-2.0,37
1.334,-1,0.0,37
3.417,-1,-3.0,37
3.15,-1,-2.0,37
1.667,-1,-2.0,37
2.167,-1,-2.0,37
3.25,1,1.0,37
2.467,-1,-1.0,37
2.717,1,2.0,37
2.017,-1,-3.0,37
2.433,1,2.0,37
3.817,1,-1.0,37
4.651,-1,0.0,37
4.45,-1,-1.0,37
3.301,-1,-3.0,37
4.25,1,0.0,37
5.534,1,-1.0,37
5.101,1,1.0,37
3.15,1,0.0,37
4.267,-1,0.0,37
2.733,-1,2.0,37
3.616,1,0.0,37
1.333,-1,-2.0,37
5.167,1,0.0,37
2.783,-1,1.0,37
4.15,1,1.0,37
1.484,1,-3.0,37
2.75,1,0.0,37
4.733,1,2.0,37
2.651,-1,-2.0,37
1.534,-1,0.0,37
2.267,-1,-1.0,37
3.884,1,2.0,37
2.967,-1,0.0,37
5.517,1,2.0,37
1.35,-1,-3.0,37
2.016,1,2.0,37
1.733,-1,-3.0,37
2.45,-1,0.0,37
1.834,1,-1.0,37
2.2,1,0.0,37
1.35,1,3.0,37
1.717,1,1.0,37
1.8,-1,-3.0,37
1.617,1,-1.0,37
1.15,1,1.0,37
1.3,-1,1.0,37
1.583,1,3.0,37
2.201,1,2.0,37
5.217,1,1.0,37
1.933,1,0.0,37
1.55,-1,-3.0,37
2.3,-1,0.0,37
1.05,-1,-3.0,37
1.767,-1,-2.0,37
3.167,1,0.0,37
2.85,1,3.0,37
1.533,-1,0.0,37
2.217,1,0.0,37
1.517,1,0.0,37
2.117,-1,0.0,37
1.966,1,2.0,37
2.617,1,0.0,37
2.117,1,3.0,37
2.55,-1,-2.0,37
1.467,-1,-1.0,37
1.3,1,3.0,37
2.3,-1,0.0,37
1.65,1,3.0,37
2.05,-1,-3.0,37
2.55,1,0.0,37
1.433,1,0.0,37
0.717,-1,0.0,37
1.767,1,-2.0,37
2.084,1,3.0,37
2.317,-1,0.0,37
3.634,1,-1.0,37
1.85,1,2.0,37
1.434,-1,0.0,37
2.134,1,-1.0,37
1.016,-1,-3.0,37
2.483,1,2.0,37
2.0,-1,-3.0,37
1.266,-1,-3.0,37
1.501,-1,-2.0,37
1.55,1,3.0,37
1.65,-1,-1.0,37
2.134,1,3.0,37
1.451,-1,-2.0,37
4.566,1,-2.0,37
3.017,-1,-1.0,37
0.917,1,1.0,37
2.183,1,2.0,37
1.667,-1,-2.0,37
2.05,-1,-1.0,37
1.433,1,2.0,37
0.967,1,2.0,37
1.217,1,-1.0,37
2.067,-1,-2.0,37
2.183,1,-1.0,37
5.451,-1,0.0,37
3.7,-1,2.0,37
1.467,-1,-2.0,37
1.25,-1,-1.0,37
2.001,-1,0.0,37
1.217,-1,-3.0,37
2.984,-1,-1.0,37
1.666,-1,-2.0,37
2.201,-1,-1.0,37
1.084,1,2.0,37
4.083,1,-3.0,37
1.05,-1,-3.0,37
3.717,-1,-1.0,37
1.5,-1,-1.0,37
1.101,1,0.0,37
3.2,-1,-1.0,37
1.6,-1,-1.0,37
2.034,1,2.0,37
1.284,-1,-2.0,37
2.234,1,0.0,37
1.784,-1,-1.0,37
1.367,1,0.0,37
1.417,-1,-3.0,37
3.134,-1,1.0,37
2.101,-1,-3.0,37
3.65,-1,0.0,37
2.517,-1,1.0,37
3.117,-1,-2.0,37
1.267,-1,-3.0,37
2.183,1,2.0,37
1.167,-1,-3.0,37
1.333,-1,-1.0,37
1.25,1,-1.0,37
1.433,1,2.0,37
1.733,-1,-2.0,37
4.5,-1,2.0,37
3.1,-1,3.0,37
2.0,1,0.0,37
1.183,1,3.0,37
1.034,-1,3.0,37
2.284,1,2.0,37
2.267,1,1.0,37
1.767,-1,0.0,37
3.533,-1,0.0,37
2.633,-1,1.0,37
1.084,-1,-2.0,37
1.533,1,2.0,38
1.467,-1,-2.0,38
1.117,-1,0.0,38
1.217,1,0.0,38
1.3,-1,-3.0,38
0.784,1,3.0,38
2.584,-1,-1.0,38
1.117,-1,-1.0,38
1.25,1,3.0,38
0.934,1,3.0,38
1.967,1,0.0,38
0.767,1,2.0,38
0.767,-1,0.0,38
1.267,-1,0.0,38
1.417,-1,1.0,38
1.566,1,2.0,38
1.1,1,3.0,38
0.834,1,3.0,38
1.117,-1,-3.0,38
1.034,1,2.0,38
2.134,-1,-2.0,38
1.117,-1,-3.0,38
1.1,-1,0.0,38
1.201,1,3.0,38
0.95,1,3.0,38
1.184,1,1.0,38
0.851,1,1.0,38
1.0,-1,1.0,38
1.366,1,1.0,38
0.767,-1,-3.0,38
1.383,-1,-1.0,38
0.833,-1,-3.0,38
1.567,1,1.0,38
2.15,-1,0.0,38
2.05,1,0.0,38
0.884,-1,-1.0,38
1.35,-1,-3.0,38
1.7,1,2.0,38
1.8,1,1.0,38
1.833,-1,-2.0,38
1.017,1,3.0,38
1.367,1,2.0,38
1.067,1,0.0,38
2.167,1,2.0,38
0.967,1,0.0,38
1.117,1,2.0,38
0.883,-1,0.0,38
2.45,-1,0.0,38
1.25,-1,-1.0,38
0.733,1,2.0,38
3.4,1,0.0,38
1.6,1,1.0,38
0.817,-1,-2.0,38
0.9,-1,-3.0,38
1.217,1,2.0,38
0.717,-1,1.0,38
2.0,-1,0.0,38
1.583,-1,-2.0,38
2.4,-1,-2.0,38
1.051,1,-2.0,38
0.984,1,0.0,38
2.717,-1,-1.0,38
1.6,-1,1.0,38
2.817,-1,0.0,38
0.933,-1,-3.0,38
1.217,-1,-1.0,38
1.0,1,1.0,38
1.916,-1,-3.0,38
0.934,1,0.0,38
0.951,-1,-3.0,38
2.367,1,3.0,38
1.284,1,-1.0,38
1.5,-1,1.0,38
1.633,-1,-1.0,38
1.4,-1,0.0,38
0.9,1,1.0,38
1.683,-1,-1.0,38
1.134,1,2.0,38
1.2,-1,1.0,38
1.1,-1,-3.0,38
1.117,1,0.0,38
2.301,1,0.0,38
1.55,1,-3.0,38
0.967,-1,-2.0,38
0.951,-1,1.0,38
1.634,-1,-2.0,38
2.167,1,2.0,38
1.15,-1,-1.0,38
1.15,1,2.0,38
2.1,1,2.0,38
1.117,1,3.0,38
0.967,-1,-3.0,38
1.05,1,0.0,38
0.95,-1,0.0,38
1.433,-1,-3.0,38
1.216,1,1.0,38
2.434,-1,-3.0,38
1.417,-1,-2.0,38
1.5,-1,-3.0,38
1.65,-1,0.0,38
1.5,-1,2.0,38
1.917,1,0.0,38
1.533,-1,-3.0,38
0.95,1,1.0,38
2.433,-1,0.0,38
1.967,1,0.0,38
1.333,1,0.0,38
0.933,-1,-3.0,38
1.234,1,1.0,38
1.134,-1,-3.0,38
0.717,1,3.0,38
0.934,1,1.0,38
0.8,1,3.0,38
0.817,1,0.0,38
1.451,-1,-1.0,38
0.917,1,2.0,38
1.167,-1,1.0,38
1.116,-1,0.0,38
0.834,-1,-2.0,38
0.767,-1,-3.0,38
1.7,-1,-3.0,38
0.684,1,-1.0,38
0.734,-1,1.0,38
0.783,-1,-1.0,38
2.617,-1,-3.0,38
1.467,-1,0.0,38
2.7,1,0.0,38
0.75,1,2.0,38
1.134,-1,-1.0,38
1.683,-1,0.0,38
1.401,1,-3.0,38
2.751,1,1.0,38
1.167,1,-2.0,38
1.117,1,2.0,38
1.234,-1,1.0,38
1.016,-1,-1.0,38
1.0,-1,-1.0,38
1.384,-1,-2.0,38
0.734,1,2.0,38
1.6,1,0.0,38
0.984,-1,0.0,38
2.134,1,-1.0,38
0.884,-1,1.0,38
1.55,-1,-2.0,38
1.151,-1,-3.0,38
2.833,-1,3.0,38
0.851,-1,0.0,38
1.35,1,1.0,38
1.033,-1,1.0,38
1.467,-1,0.0,38
1.7,1,2.0,38
1.317,-1,-2.0,38
1.55,1,0.0,38
1.6,-1,0.0,38
0.783,1,0.0,38
2.184,-1,0.0,38
2.117,1,3.0,38
1.216,1,0.0,38
1.017,-1,-3.0,38
1.133,-1,0.0,38
1.216,-1,-3.0,38
0.701,-1,-2.0,38
1.917,-1,-1.0,38
1.05,1,0.0,38
0.7,-1,-2.0,38
1.583,1,0.0,38
0.733,-1,2.0,38
2.3,1,0.0,38
2.284,1,0.0,38
2.45,-1,-3.0,38
0.783,-1,-3.0,38
0.7,1,2.0,38
1.017,-1,0.0,38
1.1,1,3.0,38
1.15,1,0.0,38
0.983,1,-1.0,38
1.85,-1,0.0,38
1.917,-1,0.0,38
0.733,1,1.0,38
0.883,1,3.0,38
1.183,1,-2.0,38
1.15,1,3.0,38
1.5,1,1.0,38
1.1,-1,-3.0,38
1.266,1,3.0,38
2.4,1,0.0,38
0.817,-1,-1.0,38
1.25,-1,-3.0,38
1.051,1,3.0,38
2.45,-1,3.0,38
1.067,-1,-1.0,38
1.1,1,2.0,38
0.817,-1,2.0,38
1.217,-1,0.0,38
2.717,1,0.0,38
1.7,1,2.0,38
0.85,-1,-2.0,38
0.716,-1,-2.0,38
1.017,1,3.0,38
0.951,1,3.0,38
2.415,1,2.0,39
5.017,1,0.0,39
1.667,-1,-3.0,39
1.667,-1,-2.0,39
2.701,-1,-1.0,39
2.133,1,3.0,39
2.834,-1,-3.0,39
4.383,1,1.0,39
4.883,1,-1.0,39
3.433,-1,2.0,39
1.5,1,0.0,39
2.133,-1,-2.0,39
1.651,1,0.0,39
3.251,-1,1.0,39
4.067,-1,1.0,39
3.184,1,0.0,39
2.117,1,2.0,39
3.751,1,2.0,39
2.334,1,2.0,39
3.5,1,3.0,39
2.101,1,2.0,39
4.583,-1,0.0,39
2.833,1,0.0,39
2.317,-1,-2.0,39
5.35,1,-3.0,39
2.5,1,2.0,39
3.3,1,1.0,39
1.934,-1,-2.0,39
1.883,1,3.0,39
4.784,1,0.0,39
4.033,-1,0.0,39
3.317,-1,-3.0,39
5.133,1,3.0,39
1.883,-1,-2.0,39
4.783,1,0.0,39
2.184,1,0.0,39
4.183,1,-2.0,39
1.883,1,0.0,39
5.3,1,0.0,39
2.851,-1,-2.0,39
2.084,1,3.0,39
3.317,1,2.0,39
1.984,1,3.0,39
1.7,-1,-3.0,39
5.55,1,0.0,39
2.684,1,1.0,39
3.617,1,1.0,39
2.317,-1,-3.0,39
2.467,-1,-1.0,39
2.434,-1,0.0,39
1.317,-1,-3.0,39
1.816,1,3.0,39
1.467,1,0.0,39
2.183,-1,-3.0,39
2.05,-1,0.0,39
1.717,-1,3.0,39
2.233,1,2.0,39
2.583,-1,0.0,39
1.733,1,0.0,39
2.833,-1,-1.0,39
3.684,-1,1.0,39
1.7,1,0.0,39
1.917,-1,-2.0,39
2.317,1,2.0,39
1.083,-1,3.0,39
2.267,1,3.0,39
2.284,-1,-3.0,39
2.05,1,2.0,39
1.734,1,3.0,39
1.3,1,2.0,39
5.983,1,0.0,39
2.384,-1,0.0,39
4.517,-1,0.0,39
1.284,-1,-1.0,39
2.45,-1,-1.0,39
1.984,1,-1.0,39
2.584,-1,-1.0,39
1.551,1,1.0,39
1.966,-1,0.0,39
3.117,-1,0.0,39
4.7,1,0.0,39
2.251,-1,1.0,39
1.984,1,0.0,39
2.567,-1,-3.0,39
2.984,-1,-1.0,39
1.717,-1,-2.0,39
2.383,1,2.0,39
2.034,1,3.0,39
2.817,1,2.0,39
1.917,1,3.0,39
2.051,1,0.0,39
2.184,-1,-3.0,39
1.867,1,2.0,39
1.667,-1,-1.0,39
2.083,1,3.0,39
2.216,-1,-3.0,39
1.55,1,2.0,39
1.383,1,3.0,39
2.517,-1,0.0,39
3.884,1,2.0,39
2.467,1,-1.0,39
1.0,-1,-3.0,39
2.617,1,2.0,39
1.8,-1,-2.0,39
1.7,-1,1.0,39
3.383,-1,-2.0,39
5.051,1,0.0,39
3.834,-1,2.0,39
1.45,1,2.0,39
3.383,-1,-2.0,39
1.484,1,0.0,39
1.2,-1,-2.0,39
1.884,1,-1.0,39
1.55,1,3.0,39
3.083,1,0.0,39
1.484,-1,-2.0,39
2.2,1,0.0,39
1.651,-1,-3.0,39
2.584,1,3.0,39
1.95,-1,-3.0,39
1.267,-1,-3.0,39
1.317,-1,-3.0,39
1.817,-1,0.0,39
2.684,1,0.0,39
0.967,-1,-3.0,39
2.317,1,0.0,39
2.134,1,1.0,39
1.401,-1,-1.0,39
1.583,-1,-2.0,39
2.417,1,-1.0,39
1.3,-1,0.0,39
2.067,1,3.0,39
1.617,-1,-3.0,39
4.684,-1,0.0,39
1.616,1,2.0,39
1.667,1,0.0,39
1.917,-1,-1.0,39
2.117,-1,-2.0,39
1.317,1,2.0,39
1.434,-1,-2.0,39
2.3,1,3.0,39
2.9,-1,-3.0,39
4.267,1,-1.0,39
1.784,-1,-1.0,39
1.5,1,-1.0,39
1.484,1,0.0,39
4.284,1,1.0,39
4.217,1,0.0,39
4.417,-1,0.0,39
1.234,-1,-2.0,39
1.35,1,-3.0,39
1.733,1,0.0,39
2.467,-1,0.0,39
1.5,-1,-1.0,39
1.7,1,2.0,39
2.401,1,0.0,39
1.167,1,2.0,39
1.367,-1,-1.0,39
1.451,-1,-3.0,39
1.717,-1,-2.0,39
2.566,-1,-2.0,39
5.1,-1,-1.0,39
1.717,1,0.0,39
3.9,1,-2.0,39
2.717,-1,-2.0,39
1.417,1,-1.0,39
1.367,1,3.0,39
5.651,1,1.0,39
3.317,-1,0.0,39
1.25,1,-3.0,39
1.117,-1,-2.0,39
3.133,1,0.0,39
2.483,1,3.0,39
1.25,1,2.0,39
4.567,1,1.0,39
3.367,-1,1.0,39
1.367,-1,-3.0,39
1.217,-1,-1.0,39
1.0,-1,-2.0,39
1.517,-1,0.0,39
1.583,1,1.0,39
2.401,1,0.0,39
1.65,1,0.0,39
1.6,-1,1.0,39
2.8,-1,1.0,39
4.566,1,-1.0,39
2.2,1,0.0,39
2.084,1,2.0,39
2.4,1,3.0,39
1.583,1,2.0,39
2.801,-1,-1.0,39
1.534,1,0.0,39
1.384,-1,-2.0,40
1.117,1,-2.0,40
1.1,1,1.0,40
0.967,1,-1.0,40
1.401,-1,-2.0,40
2.05,1,0.0,40
1.167,1,0.0,40
1.151,-1,-3.0,40
0.867,1,0.0,40
1.0,1,0.0,40
2.0,-1,-3.0,40
1.084,1,0.0,40
2.267,1,-2.0,40
1.167,-1,-2.0,40
0.8,-1,-3.0,40
2.834,-1,-3.0,40
1.4,-1,0.0,40
1.066,-1,-2.0,40
2.301,-1,0.0,40
1.583,1,-1.0,40
2.017,1,-1.0,40
1.417,1,-1.0,40
1.316,1,0.0,40
1.201,-1,-1.0,40
1.617,-1,1.0,40
2.033,-1,-3.0,40
1.283,-1,-3.0,40
1.801,1,1.0,40
1.817,-1,-3.0,40
1.533,-1,0.0,40
1.45,1,-3.0,40
1.2,1,-1.0,40
0.951,-1,-1.0,40
1.517,1,3.0,40
1.683,-1,1.0,40
1.501,-1,0.0,40
1.967,1,-1.0,40
1.217,1,2.0,40
1.7,1,3.0,40
1.734,1,0.0,40
1.467,1,2.0,40
1.834,1,3.0,40
3.167,1,-2.0,40
1.4,-1,-3.0,40
1.7,-1,-2.0,40
1.284,1,2.0,40
1.367,1,2.0,40
2.284,1,-1.0,40
1.984,-1,0.0,40
1.684,-1,-1.0,40
2.084,-1,-3.0,40
1.617,1,3.0,40
1.433,-1,-1.0,40
1.617,-1,0.0,40
1.95,1,3.0,40
2.067,-1,-2.0,40
1.701,1,-1.0,40
1.766,1,-1.0,40
1.35,-1,3.0,40
1.383,1,0.0,40
1.383,-1,1.0,40
1.817,-1,1.0,40
1.901,-1,3.0,40
2.433,-1,-3.0,40
2.7,1,-2.0,40
2.084,1,-3.0,40
1.15,1,-2.0,40
1.267,1,-2.0,40
1.434,-1,-3.0,40
1.55,-1,1.0,40
2.6,-1,-3.0,40
1.067,-1,-1.0,40
1.817,1,2.0,40
0.933,-1,-1.0,40
2.217,-1,1.0,40
1.233,1,1.0,40
3.017,1,0.0,40
2.1,1,0.0,40
1.167,-1,-2.0,40
1.534,1,-2.0,40
1.517,1,2.0,40
1.517,-1,2.0,40
2.184,-1,-1.0,40
1.55,-1,0.0,40
1.216,-1,1.0,40
0.984,-1,1.0,40
1.7,1,2.0,40
1.15,1,1.0,40
2.05,-1,0.0,40
1.633,1,0.0,40
1.9,-1,0.0,40
1.667,1,0.0,40
1.3,-1,-2.0,40
1.3,-1,1.0,40
1.734,-1,3.0,40
1.8,-1,-2.0,40
1.934,-1,-1.0,40
1.55,-1,-2.0,40
1.75,1,-2.0,40
1.517,-1,-3.0,40
1.5,-1,3.0,40
0.817,1,0.0,40
2.601,-1,3.0,40
1.617,1,-2.0,40
2.25,1,2.0,40
1.483,1,1.0,40
1.567,1,-1.0,40
1.117,1,-3.0,40
1.433,-1,-1.0,40
1.517,1,0.0,40
1.634,-1,-2.0,40
1.467,-1,3.0,40
1.201,1,3.0,40
1.201,-1,3.0,40
3.5,-1,-2.0,40
1.483,1,-1.0,40
4.067,-1,-1.0,40
1.65,-1,3.0,40
2.134,1,0.0,40
1.033,-1,0.0,40
1.433,1,-1.0,40
3.601,-1,0.0,40
2.0,-1,0.0,40
2.084,1,-2.0,40
0.867,1,2.0,40
2.033,1,0.0,40
2.583,1,-2.0,40
1.117,1,-1.0,40
1.051,1,2.0,40
2.717,-1,-1.0,40
1.617,-1,3.0,40
1.367,-1,1.0,40
1.383,-1,0.0,40
1.683,1,-3.0,40
1.317,1,2.0,40
1.15,1,0.0,40
1.117,-1,0.0,40
1.317,1,-1.0,40
0.884,-1,3.0,40
1.4,1,3.0,40
1.317,-1,-3.0,40
2.2,-1,0.0,40
1.884,-1,0.0,40
1.25,-1,-3.0,40
1.383,1,3.0,40
1.334,1,-1.0,40
1.267,1,1.0,40
1.15,1,-3.0,40
1.067,1,-2.0,40
0.801,1,3.0,40
1.267,1,1.0,40
1.267,1,0.0,40
0.767,1,3.0,40
1.017,-1,2.0,40
0.867,1,1.0,40
1.134,-1,0.0,40
1.4,-1,0.0,40
1.6,-1,1.0,40
0.8,1,2.0,40
1.3,1,1.0,40
1.467,-1,-2.0,40
1.017,1,3.0,40
1.017,1,-1.0,40
0.85,1,-1.0,40
1.417,1,-2.0,40
1.7,-1,0.0,40
3.2,1,2.0,40
0.801,-1,2.0,40
1.133,1,2.0,40
1.45,1,1.0,40
1.2,1,3.0,40
0.983,1,0.0,40
1.167,1,1.0,40
1.084,1,1.0,40
2.067,1,1.0,40
1.667,1,0.0,40
1.433,-1,-1.0,40
1.466,-1,-3.0,40
1.484,1,1.0,40
2.367,-1,0.0,40
1.267,1,1.0,40
1.234,1,2.0,40
1.45,-1,2.0,40
1.45,-1,-1.0,40
1.25,1,2.0,40
1.417,1,2.0,40
1.167,-1,0.0,40
0.884,-1,-2.0,40
0.801,-1,0.0,40
1.184,1,-1.0,40
1.9,1,1.0,40
0.984,1,-2.0,40
0.8,1,-3.0,40
1.117,-1,-3.0,40
1.583,-1,-3.0,40
1.65,1,3.0,40
1.334,1,-2.0,40
1.9,-1,-3.0,40
2.75,-1,0.0,41
1.134,1,-3.0,41
4.634,1,0.0,41
1.417,1,-2.0,41
1.35,-1,2.0,41
2.317,1,0.0,41
0.934,-1,-1.0,41
2.384,1,2.0,41
1.467,-1,0.0,41
3.033,1,2.0,41
1.283,-1,-1.0,41
1.917,1,0.0,41
1.751,-1,1.0,41
1.7,1,2.0,41
1.551,1,0.0,41
1.583,-1,1.0,41
1.366,1,0.0,41
1.701,-1,0.0,41
2.851,-1,-2.0,41
1.1,-1,-2.0,41
1.216,1,0.0,41
1.051,-1,-1.0,41
1.0,-1,0.0,41
1.25,1,-1.0,41
2.45,-1,2.0,41
1.517,1,2.0,41
1.734,1,0.0,41
2.284,1,0.0,41
1.217,-1,0.0,41
1.2,-1,0.0,41
2.417,1,-1.0,41
1.45,1,-2.0,41
1.534,-1,3.0,41
1.35,1,-2.0,41
1.25,-1,3.0,41
1.734,-1,3.0,41
1.084,-1,0.0,41
1.333,1,1.0,41
1.634,1,0.0,41
1.883,-1,3.0,41
1.95,1,1.0,41
1.516,-1,1.0,41
1.351,-1,2.0,41
1.167,1,0.0,41
4.4,1,1.0,41
2.217,1,-3.0,41
5.05,1,1.0,41
2.85,-1,-2.0,41
3.233,-1,-1.0,41
1.034,-1,1.0,41
3.684,1,2.0,41
2.7,1,-1.0,41
1.45,-1,0.0,41
1.467,1,2.0,41
0.967,-1,-2.0,41
1.717,-1,-2.0,41
1.15,-1,-2.0,41
1.45,1,1.0,41
3.066,1,3.0,41
1.3,1,3.0,41
1.517,1,3.0,41
1.417,1,-3.0,41
3.217,1,3.0,41
1.551,-1,1.0,41
1.2,-1,-2.0,41
1.784,-1,-1.0,41
1.567,-1,-3.0,41
2.683,-1,3.0,41
2.567,-1,-2.0,41
1.234,1,0.0,41
2.334,-1,-3.0,41
1.483,1,-1.0,41
1.8,-1,-1.0,41
1.317,1,3.0,41
2.184,1,1.0,41
2.017,1,2.0,41
0.95,1,0.0,41
3.401,-1,0.0,41
5.45,-1,0.0,41
3.184,-1,0.0,41
1.301,-1,0.0,41
2.751,-1,-3.0,41
4.617,-1,0.0,41
1.234,-1,-1.0,41
3.517,-1,-2.0,41
2.467,1,1.0,41
2.017,1,-3.0,41
2.0,1,1.0,41
3.017,1,3.0,41
1.55,1,1.0,41
2.1,1,1.0,41
4.401,-1,2.0,41
1.3,-1,-2.0,41
2.467,1,2.0,41
1.184,1,-3.0,41
1.134,-1,-3.0,41
2.551,1,-1.0,41
1.633,-1,-3.0,41
3.2,1,-3.0,41
4.034,1,0.0,41
2.101,-1,-2.0,41
1.8,1,3.0,41
4.717,-1,3.0,41
4.267,-1,1.0,41
2.717,-1,0.0,41
4.75,1,-2.0,41
1.1,1,3.0,41
1.434,-1,0.0,41
2.117,1,2.0,41
1.6,-1,2.0,41
0.9,-1,1.0,41
5.05,1,-3.0,41
1.733,1,-1.0,41
1.417,1,-1.0,41
1.317,1,-2.0,41
1.367,1,1.0,41
2.234,1,-3.0,41
1.75,-1,-2.0,41
2.267,1,1.0,41
3.284,1,3.0,41
1.117,1,-1.0,41
1.834,1,-2.0,41
1.6,1,1.0,41
1.934,-1,0.0,41
3.5,-1,-3.0,41
1.367,-1,-3.0,41
1.784,1,-1.0,41
1.117,1,-2.0,41
1.0,1,3.0,41
1.201,-1,0.0,41
1.9,1,-2.0,41
2.884,1,-3.0,41
1.5,1,-1.0,41
1.417,1,-3.0,41
1.3,-1,-1.0,41
1.467,-1,0.0,41
1.3,-1,-1.0,41
1.4,1,0.0,41
1.317,1,1.0,41
1.417,-1,-2.0,41
1.65,1,-1.0,41
1.217,-1,-1.0,41
0.917,1,3.0,41
1.1,1,3.0,41
0.933,-1,0.0,41
1.8,-1,2.0,41
1.4,1,-2.0,41
1.267,-1,-2.0,41
3.984,-1,-1.0,41
2.517,1,-1.0,41
1.283,1,1.0,41
1.916,-1,0.0,41
1.566,1,2.0,41
1.067,-1,-2.0,41
1.167,-1,-3.0,41
0.85,1,3.0,41
5.45,-1,0.0,41
1.083,-1,0.0,41
1.067,-1,3.0,41
1.317,1,3.0,41
1.35,1,0.0,41
1.584,-1,-3.0,41
1.184,-1,-1.0,41
1.4,-1,0.0,41
0.967,1,3.0,41
0.75,1,-2.0,41
1.767,1,0.0,41
1.4,-1,1.0,41
2.401,-1,-1.0,41
1.534,1,0.0,41
1.25,-1,3.0,41
1.267,-1,0.0,41
1.833,1,-1.0,41
2.3,-1,-2.0,41
1.55,1,2.0,41
0.867,-1,2.0,41
1.384,1,1.0,41
1.25,-1,1.0,41
1.433,1,-3.0,41
1.183,-1,-3.0,41
0.966,-1,-3.0,41
1.25,1,2.0,41
1.183,-1,1.0,41
1.334,1,-2.0,41
0.801,-1,-1.0,41
1.65,-1,0.0,41
1.05,-1,-3.0,41
1.733,-1,-2.0,41
1.25,-1,-3.0,41
1.601,1,1.0,41
1.05,1,-2.0,41
0.783,1,1.0,41
1.267,-1,2.0,41
1.266,-1,1.0,41
0.917,-1,1.0,41
1.083,-1,1.0,41
2.117,-1,-2.0,41
4.364,-1,0.0,42
1.216,-1,-2.0,42
1.867,1,1.0,42
1.85,-1,1.0,42
2.233,-1,-1.0,42
2.267,-1,-3.0,42
2.867,-1,-3.0,42
1.717,1,-3.0,42
2.5,1,1.0,42
2.267,-1,-2.0,42
1.4,-1,-1.0,42
1.834,-1,-3.0,42
1.433,1,3.0,42
1.35,1,2.0,42
1.601,-1,0.0,42
1.95,1,-2.0,42
1.666,1,0.0,42
1.117,1,0.0,42
1.483,-1,1.0,42
1.534,1,1.0,42
2.217,-1,2.0,42
1.9,1,0.0,42
2.067,1,3.0,42
1.517,1,1.0,42
1.05,-1,-2.0,42
1.7,1,0.0,42
1.667,1,-2.0,42
1.417,1,1.0,42
1.584,1,3.0,42
3.934,1,-3.0,42
1.55,1,3.0,42
4.267,1,3.0,42
1.683,-1,-3.0,42
1.166,-1,-2.0,42
3.967,1,3.0,42
1.35,1,2.0,42
1.533,1,0.0,42
2.2,1,0.0,42
1.217,-1,0.0,42
0.7,1,0.0,42
0.884,-1,-3.0,42
3.65,-1,-3.0,42
3.401,1,3.0,42
2.184,-1,0.0,42
0.933,-1,1.0,42
1.434,-1,1.0,42
1.333,-1,-2.0,42
1.866,1,2.0,42
2.167,-1,-3.0,42
1.767,1,1.0,42
1.35,-1,-2.0,42
1.067,1,1.0,42
1.4,-1,-3.0,42
1.7,1,-2.0,42
1.833,-1,3.0,42
1.284,1,1.0,42
1.617,1,-1.0,42
1.35,1,1.0,42
3.284,-1,2.0,42
1.3,-1,-2.0,42
0.817,1,1.0,42
2.117,1,3.0,42
1.067,-1,-3.0,42
2.767,-1,-1.0,42
1.034,-1,-3.0,42
2.35,1,0.0,42
2.133,-1,0.0,42
1.3,1,-1.0,42
1.15,1,1.0,42
1.25,1,2.0,42
1.451,1,0.0,42
1.5,-1,1.0,42
1.4,1,0.0,42
1.017,-1,0.0,42
0.95,1,-1.0,42
3.566,1,-1.0,42
1.466,-1,-1.0,42
1.75,1,0.0,42
2.117,-1,-3.0,42
1.95,1,-3.0,42
1.15,-1,-3.0,42
1.884,-1,-3.0,42
1.05,1,3.0,42
1.034,-1,-2.0,42
3.067,1,-3.0,42
0.933,1,-1.0,42
1.55,1,3.0,42
1.067,-1,-1.0,42
1.417,-1,3.0,42
2.384,1,3.0,42
1.001,1,0.0,42
0.933,-1,-1.0,42
0.884,-1,3.0,42
1.2,1,0.0,42
0.901,1,1.0,42
1.067,1,3.0,42
1.284,-1,-3.0,42
1.283,1,-1.0,42
1.184,1,-2.0,42
1.184,-1,-3.0,42
1.3,-1,0.0,42
1.75,1,0.0,42
1.551,1,3.0,42
1.7,1,0.0,42
1.384,-1,-1.0,42
1.251,1,0.0,42
1.2,-1,3.0,42
2.867,-1,-3.0,42
1.317,1,-1.0,42
1.066,-1,-3.0,42
1.951,-1,3.0,42
1.683,1,0.0,42
3.051,1,3.0,42
2.617,1,3.0,42
2.683,1,2.0,42
2.734,1,2.0,42
2.267,1,0.0,42
1.517,-1,-1.0,42
4.283,1,1.0,42
2.267,-1,-1.0,42
3.967,-1,0.0,42
3.451,1,-3.0,42
1.817,-1,1.0,42
4.1,-1,-1.0,42
1.467,1,3.0,42
2.967,-1,-1.0,42
2.117,1,0.0,42
2.4,-1,-2.0,42
1.684,1,-2.0,42
1.417,-1,-2.0,42
2.317,1,3.0,42
2.167,-1,-2.0,42
3.584,-1,-1.0,42
2.817,1,2.0,42
5.05,-1,1.0,42
3.234,-1,2.0,42
1.85,-1,-3.0,42
2.0,-1,0.0,42
2.634,-1,-3.0,42
1.934,-1,-3.0,42
1.6,-1,2.0,42
1.284,-1,0.0,42
1.066,1,0.0,42
2.451,1,1.0,42
1.734,1,-1.0,42
3.134,1,-2.0,42
1.334,1,3.0,42
1.75,1,3.0,42
2.15,1,-2.0,42
3.55,-1,-3.0,42
2.117,-1,2.0,42
2.051,1,-1.0,42
2.051,1,2.0,42
3.234,-1,-3.0,42
1.367,-1,-3.0,42
1.833,1,2.0,42
2.766,-1,-1.0,42
2.417,1,0.0,42
1.817,1,1.0,42
1.484,1,3.0,42
4.534,-1,2.0,42
5.217,-1,-1.0,42
1.4,-1,3.0,42
1.283,-1,-3.0,42
1.867,-1,1.0,42
1.1,1,1.0,42
0.9,1,0.0,42
2.183,-1,-2.0,42
1.434,-1,0.0,42
1.25,1,2.0,42
1.167,-1,-2.0,42
0.834,1,2.0,42
1.6,-1,3.0,42
1.15,-1,-1.0,42
2.251,-1,-1.0,42
2.201,1,1.0,42
3.084,1,-1.0,42
1.15,1,2.0,42
1.0,1,-2.0,42
1.017,1,3.0,43
1.45,-1,0.0,43
2.116,1,2.0,43
2.15,1,1.0,43
0.867,-1,-2.0,43
1.1,-1,-1.0,43
1.6,1,2.0,43
1.001,-1,1.0,43
1.017,1,1.0,43
1.35,-1,-1.0,43
1.117,-1,1.0,43
2.05,-1,-1.0,43
1.317,1,2.0,43
1.5,-1,-3.0,43
2.016,-1,-2.0,43
2.351,-1,-3.0,43
2.1,-1,1.0,43
1.833,-1,0.0,43
1.784,-1,3.0,43
1.433,1,2.0,43
2.067,1,-3.0,43
2.183,1,2.0,43
1.667,1,3.0,43
4.916,1,0.0,43
2.067,1,3.0,43
1.284,1,2.0,43
1.3,1,2.0,43
1.5,-1,1.0,43
1.783,1,0.0,43
2.783,1,0.0,43
2.784,1,3.0,43
1.267,-1,0.0,43
2.083,-1,0.0,43
4.051,1,-3.0,43
2.701,1,3.0,43
2.65,1,2.0,43
1.184,-1,-3.0,43
1.134,1,-1.0,43
1.967,-1,-1.0,43
1.5,-1,0.0,43
1.85,1,3.0,43
1.7,1,-2.0,43
1.217,-1,0.0,43
1.017,1,-3.0,43
1.05,-1,-2.0,43
1.017,-1,1.0,43
0.817,-1,-3.0,43
1.767,1,2.0,43
1.851,1,0.0,43
2.667,1,1.0,43
1.567,1,-2.0,43
1.55,-1,-2.0,43
2.2,-1,-1.0,43
1.05,-1,1.0,43
1.334,-1,-1.0,43
1.3,1,2.0,43
1.15,1,0.0,43
1.05,1,2.0,43
1.317,1,-3.0,43
1.65,1,0.0,43
1.601,-1,0.0,43
1.083,-1,-3.0,43
1.95,1,-3.0,43
1.033,1,3.0,43
1.4,1,-2.0,43
0.75,-1,-2.0,43
1.683,1,0.0,43
1.45,-1,1.0,43
0.901,-1,-3.0,43
1.267,-1,0.0,43
0.85,-1,-2.0,43
0.934,-1,3.0,43
0.867,-1,-2.0,43
1.033,-1,-3.0,43
1.233,1,-3.0,43
1.901,1,-3.0,43
2.101,1,-2.0,43
2.284,-1,3.0,43
3.767,1,2.0,43
1.85,-1,-1.0,43
1.1,1,3.0,43
1.501,1,1.0,43
1.017,1,0.0,43
1.317,-1,2.0,43
1.317,1,-2.0,43
0.933,-1,-3.0,43
1.417,-1,-2.0,43
1.3,1,-2.0,43
0.733,1,3.0,43
2.701,-1,0.0,43
1.133,1,-2.0,43
2.584,1,0.0,43
1.25,-1,-2.0,43
0.983,1,2.0,43
1.217,1,1.0,43
2.267,-1,1.0,43
1.267,1,3.0,43
2.116,-1,1.0,43
1.167,1,1.0,43
0.683,-1,0.0,43
1.4,-1,-3.0,43
2.367,1,3.0,43
0.983,-1,2.0,43
0.983,1,1.0,43
1.367,-1,3.0,43
1.284,1,-2.0,43
0.817,1,0.0,43
1.6,1,0.0,43
1.25,-1,0.0,43
1.45,1,0.0,43
1.433,-1,2.0,43
1.25,-1,1.0,43
2.217,-1,-1.0,43
1.667,1,0.0,43
0.917,1,1.0,43
1.0,1,-2.0,43
1.067,1,1.0,43
1.617,1,1.0,43
1.501,1,-1.0,43
1.083,-1,-1.0,43
0.933,-1,0.0,43
1.35,1,-1.0,43
1.384,-1,-2.0,43
1.417,1,0.0,43
1.5,1,0.0,43
0.783,-1,2.0,43
1.833,-1,-3.0,43
1.217,1,3.0,43
1.067,-1,0.0,43
1.85,1,0.0,43
1.483,-1,-1.0,43
1.217,1,0.0,43
1.7,-1,-3.0,43
1.034,1,1.0,43
1.401,1,2.0,43
0.817,-1,-3.0,43
1.15,-1,1.0,43
0.95,1,-2.0,43
0.983,-1,-2.0,43
0.65,-1,-3.0,43
1.501,-1,0.0,43
0.917,1,0.0,43
1.184,-1,0.0,43
0.733,-1,-1.0,43
1.25,-1,-1.0,43
2.284,-1,0.0,43
0.983,-1,0.0,43
1.033,1,1.0,43
1.334,1,-1.0,43
1.85,1,-2.0,43
1.233,1,-1.0,43
1.001,1,2.0,43
0.967,-1,-1.0,43
2.267,-1,1.0,43
1.517,1,2.0,43
2.034,-1,1.0,43
1.316,-1,3.0,43
2.734,-1,-2.0,43
1.317,1,3.0,43
1.4,1,-1.0,43
1.251,1,1.0,43
0.917,-1,-1.0,43
1.217,1,1.0,43
2.767,1,2.0,43
0.967,-1,-1.0,43
1.366,1,-2.0,43
1.267,1,0.0,43
1.334,-1,3.0,43
1.25,1,3.0,43
1.317,1,3.0,43
3.534,1,-3.0,43
1.717,1,1.0,43
1.134,1,-1.0,43
1.567,-1,-2.0,43
0.834,1,-3.0,43
1.067,1,2.0,43
1.066,-1,-2.0,43
0.817,-1,0.0,43
0.883,-1,-3.0,43
1.2,-1,1.0,43
1.5,-1,2.0,43
1.583,1,-2.0,43
1.167,1,-1.0,43
1.084,-1,-1.0,43
0.834,-1,2.0,43
1.334,1,0.0,43
1.317,-1,0.0,43
1.117,-1,-1.0,43
1.101,1,0.0,43
1.333,-1,2.0,43
1.583,1,1.0,43
0.867,-1,3.0,43
1.2,1,3.0,43
0.934,1,3.0,43
1.2,1,1.0,43
1.117,1,2.0,43
1.117,-1,0.0,43
0.916,-1,0.0,43
1.517,1,1.0,43
1.383,1,2.0,43
4.633,-1,-1.0,44
1.734,1,2.0,44
2.117,-1,0.0,44
1.883,-1,3.0,44
3.051,-1,3.0,44
2.367,-1,1.0,44
2.3,1,3.0,44
1.451,1,2.0,44
2.034,1,2.0,44
4.4,1,0.0,44
2.033,1,0.0,44
1.301,1,2.0,44
3.417,1,-1.0,44
2.3,-1,0.0,44
2.517,-1,-1.0,44
2.001,1,2.0,44
2.8,1,-2.0,44
1.217,1,0.0,44
2.0,-1,-3.0,44
1.917,-1,0.0,44
1.667,-1,-1.0,44
1.217,1,-3.0,44
1.233,-1,-2.0,44
1.767,1,2.0,44
1.284,1,3.0,44
2.134,1,0.0,44
1.784,1,2.0,44
1.467,1,3.0,44
2.167,1,3.0,44
3.9,1,1.0,44
1.1,-1,0.0,44
1.15,-1,-2.0,44
4.467,1,3.0,44
1.367,1,2.0,44
1.333,1,1.0,44
2.1,-1,-2.0,44
1.8,-1,0.0,44
2.6,-1,0.0,44
1.517,1,3.0,44
0.917,1,3.0,44
1.45,-1,2.0,44
1.483,-1,-1.0,44
1.833,1,0.0,44
1.966,-1,0.0,44
1.233,-1,-2.0,44
1.4,1,-2.0,44
1.933,-1,-1.0,44
2.15,-1,1.0,44
0.917,1,2.0,44
1.917,1,-2.0,44
4.367,-1,-2.0,44
2.517,-1,-2.0,44
4.05,1,0.0,44
2.733,1,-3.0,44
1.233,1,3.0,44
2.983,-1,0.0,44
1.317,1,3.0,44
1.234,1,3.0,44
3.584,1,1.0,44
0.884,1,0.0,44
1.167,1,2.0,44
2.267,1,0.0,44
3.517,1,-2.0,44
1.417,1,1.0,44
1.684,1,1.0,44
3.084,1,0.0,44
1.317,1,2.0,44
1.534,-1,0.0,44
1.783,1,3.0,44
3.017,-1,0.0,44
4.133,-1,1.0,44
3.333,-1,0.0,44
1.401,1,3.0,44
2.417,-1,0.0,44
2.75,-1,1.0,44
2.367,1,3.0,44
1.833,1,1.0,44
1.467,-1,-3.0,44
1.35,-1,0.0,44
2.067,1,1.0,44
2.433,-1,0.0,44
3.483,1,3.0,44
1.15,-1,-3.0,44
1.234,-1,-3.0,44
1.467,-1,-2.0,44
2.083,-1,-2.0,44
1.066,-1,-3.0,44
1.15,1,1.0,44
1.133,1,0.0,44
1.434,1,1.0,44
2.067,1,-1.0,44
1.733,1,2.0,44
2.05,1,-2.0,44
3.033,1,-2.0,44
3.184,-1,1.0,44
1.9,1,2.0,44
2.583,1,0.0,44
1.451,1,-2.0,44
1.734,-1,-3.0,44
1.35,-1,-2.0,44
2.25,-1,-2.0,44
1.3,1,-1.0,44
2.134,1,-1.0,44
1.233,-1,-3.0,44
1.517,1,-1.0,44
0.767,-1,0.0,44
1.0,-1,-3.0,44
1.884,1,1.0,44
1.6,1,0.0,44
1.683,-1,-3.0,44
1.233,-1,-3.0,44
1.75,-1,-1.0,44
1.883,-1,-1.0,44
1.15,-1,-2.0,44
1.783,-1,-2.0,44
1.533,-1,1.0,44
0.817,-1,0.0,44
1.45,1,-3.0,44
1.75,1,2.0,44
1.35,-1,-1.0,44
1.434,-1,-3.0,44
2.834,1,1.0,44
0.933,-1,-3.0,44
1.066,1,0.0,44
0.867,-1,3.0,44
1.0,1,3.0,44
1.167,1,0.0,44
1.367,1,0.0,44
4.05,-1,-1.0,44
2.267,1,0.0,44
1.134,1,3.0,44
1.034,1,3.0,44
1.201,-1,2.0,44
1.1,-1,-1.0,44
3.3,1,-2.0,44
0.833,-1,-3.0,44
1.251,1,0.0,44
1.234,1,1.0,44
1.6,-1,1.0,44
1.184,1,3.0,44
4.117,-1,2.0,44
2.184,-1,-2.0,44
1.667,1,1.0,44
0.867,1,3.0,44
1.5,-1,0.0,44
1.05,1,1.0,44
1.567,1,2.0,44
1.85,-1,1.0,44
1.25,-1,-1.0,44
1.117,-1,0.0,44
0.967,-1,-2.0,44
1.417,-1,-3.0,44
1.134,1,2.0,44
1.2,-1,-1.0,44
1.201,-1,-3.0,44
1.034,1,-1.0,44
1.217,-1,-2.0,44
0.867,1,0.0,44
0.917,-1,0.0,44
1.0,1,3.0,44
1.117,-1,-2.0,44
0.867,-1,1.0,44
1.334,-1,-3.0,44
2.001,1,2.0,44
2.317,-1,2.0,44
1.317,-1,0.0,44
1.183,-1,1.0,44
1.067,1,-1.0,44
1.217,-1,-1.0,44
2.267,-1,0.0,44
1.75,1,-1.0,44
1.317,1,0.0,44
2.717,1,-1.0,44
2.817,-1,0.0,44
2.267,1,1.0,44
1.2,1,3.0,44
1.217,1,2.0,44
1.75,-1,-2.0,44
1.283,-1,-2.0,44
1.017,1,0.0,44
1.467,-1,-2.0,44
1.6,1,2.0,44
1.101,-1,3.0,44
1.834,1,-2.0,44
1.884,1,2.0,44
0.984,1,-1.0,44
1.383,-1,0.0,44
1.217,1,1.0,44
1.317,-1,-2.0,44
1.05,1,3.0,44
